run_id,start_time,end_time,status,mlflow.runName,source_experiment,source_prefix,max_iter,n_smooth,experiment_name,communicator,omega,use_numba,tolerance,fmg_post_vcycles,n_ranks,specified_numba_threads,environment,solver,strategy,N,label,threads,kernel,wall_time,residual_history,total_compute_time,total_halo_time,final_error,final_alg_error,observed_numba_threads,converged,iterations,mlups,bandwidth_gb_s,final_residual,compute_times
e559caae240f46ec87f11c7170ec2086,2025-12-03 17:17:31.122000+00:00,2025-12-03 17:17:32.443000+00:00,FINISHED,jacobi_N257_p1,kernel,/Shared/LSM-PoissonMPI-v3,100,3,kernel,custom,0.8,1,0.0,1,1,6,local,jacobi,sliced,257,,,,3.62698862500838,2.054818623374193e-08,0.5039328359998763,4.871306009590626e-05,0.9761894215904491,10.279223591056923,6.0,0.0,100.0,457.16644617162785,29.25865255498418,2.054818623374193e-08,
f65a78e5dd1f438f98747685aeba1963,2025-12-03 17:17:22.860000+00:00,2025-12-03 17:17:24.047000+00:00,FINISHED,jacobi_N257_p1,kernel,/Shared/LSM-PoissonMPI-v3,100,3,kernel,custom,0.8,1,0.0,1,1,4,local,jacobi,sliced,257,,,,3.7166508749942295,2.054818623374193e-08,0.5584760789352003,5.7624041801318526e-05,0.9761894215904491,10.279223591056923,4.0,0.0,100.0,446.1375458093234,28.5528029317967,2.054818623374193e-08,
ceb4a3cda27140678dd185dbb6e184db,2025-12-03 17:17:14.387000+00:00,2025-12-03 17:17:15.754000+00:00,FINISHED,jacobi_N257_p1,kernel,/Shared/LSM-PoissonMPI-v3,100,3,kernel,custom,0.8,1,0.0,1,1,2,local,jacobi,sliced,257,,,,3.6962946669955272,2.054818623374193e-08,0.6269869602401741,5.287380190566182e-05,0.9761894215904491,10.279223591056923,2.0,0.0,100.0,448.59451136448223,28.71004872732686,2.054818623374193e-08,
6e34766e3f484447a7087e64ac36198c,2025-12-03 17:17:06.471000+00:00,2025-12-03 17:17:07.459000+00:00,FINISHED,jacobi_N257_p1,kernel,/Shared/LSM-PoissonMPI-v3,100,3,kernel,custom,0.8,1,0.0,1,1,1,local,jacobi,sliced,257,,,,4.075724750000518,2.054818623374193e-08,0.9671563289884944,4.8582092858850956e-05,0.9761894215904491,10.279223591056923,1.0,0.0,100.0,406.83255168293425,26.037283307707792,2.054818623374193e-08,
3390052aaf874354bab3d8b15ef7de20,2025-12-03 17:16:58.006000+00:00,2025-12-03 17:16:59.265000+00:00,FINISHED,jacobi_N129_p1,kernel,/Shared/LSM-PoissonMPI-v3,100,3,kernel,custom,0.8,1,0.0,1,1,6,local,jacobi,sliced,129,,,,0.32491433300310746,2.1898127246174275e-07,0.05674816604005173,2.3792032152414322e-05,0.9080731985135313,9.61867087700835,6.0,0.0,100.0,630.4378699047448,40.348023673903676,2.1898127246174275e-07,
0a5ab1f8e8c74de78b52238931e11b5f,2025-12-03 17:16:53.302000+00:00,2025-12-03 17:16:54.490000+00:00,FINISHED,jacobi_N129_p1,kernel,/Shared/LSM-PoissonMPI-v3,100,3,kernel,custom,0.8,1,0.0,1,1,4,local,jacobi,sliced,129,,,,0.3382845830055885,2.1898127246174275e-07,0.05650099497870542,2.8371985536068678e-05,0.9080731985135313,9.61867087700835,4.0,0.0,100.0,605.5206482661849,38.753321489035834,2.1898127246174275e-07,
305b77e6922b42ad907f8f662f5de57d,2025-12-03 17:16:48.586000+00:00,2025-12-03 17:16:49.848000+00:00,FINISHED,jacobi_N129_p1,kernel,/Shared/LSM-PoissonMPI-v3,100,3,kernel,custom,0.8,1,0.0,1,1,2,local,jacobi,sliced,129,,,,0.34895754102035426,2.1898127246174275e-07,0.07020854880101979,2.2087013348937035e-05,0.9080731985135313,9.61867087700835,2.0,0.0,100.0,587.0006402528268,37.56804097618091,2.1898127246174275e-07,
71adcb8e0f204d1f95129efee176444c,2025-12-03 17:16:43.856000+00:00,2025-12-03 17:16:45.148000+00:00,FINISHED,jacobi_N129_p1,kernel,/Shared/LSM-PoissonMPI-v3,100,3,kernel,custom,0.8,1,0.0,1,1,1,local,jacobi,sliced,129,,,,0.3919682920095511,2.1898127246174275e-07,0.1236847419932019,1.7911108443513513e-05,0.9080731985135313,9.61867087700835,1.0,0.0,100.0,522.588954708124,33.44569310131994,2.1898127246174275e-07,
2a4884e6ee834c4da92bde23ec54462d,2025-12-03 17:16:39.015000+00:00,2025-12-03 17:16:40.135000+00:00,FINISHED,jacobi_N65_p1,kernel,/Shared/LSM-PoissonMPI-v3,100,3,kernel,custom,0.8,1,0.0,1,1,6,local,jacobi,sliced,65,,,,0.05021983300684951,1.9046559109526392e-06,0.010979913640767336,9.581883205100894e-06,0.6795364931202094,7.286388862038506,6.0,0.0,100.0,497.9048814556909,31.865912413164217,1.9046559109526392e-06,
84475e39252f4aa187f5db791f48ab18,2025-12-03 17:16:34.381000+00:00,2025-12-03 17:16:35.819000+00:00,FINISHED,jacobi_N65_p1,kernel,/Shared/LSM-PoissonMPI-v3,100,3,kernel,custom,0.8,1,0.0,1,1,4,local,jacobi,sliced,65,,,,0.06484779098536819,1.9046559109526392e-06,0.014745704975211993,1.637410605326295e-05,0.6795364931202094,7.286388862038506,4.0,0.0,100.0,385.5906210535666,24.677799747428264,1.9046559109526392e-06,
0b8709f8d2844636ad662feacdd1cb1b,2025-12-03 17:16:29.799000+00:00,2025-12-03 17:16:31.062000+00:00,FINISHED,jacobi_N65_p1,kernel,/Shared/LSM-PoissonMPI-v3,100,3,kernel,custom,0.8,1,0.0,1,1,2,local,jacobi,sliced,65,,,,0.059316333004971966,1.9046559109526392e-06,0.01479750094586052,1.2499949662014842e-05,0.6795364931202094,7.286388862038506,2.0,0.0,100.0,421.54831111869436,26.979091911596438,1.9046559109526392e-06,
ff91c1caefc74999b90ba284a170434a,2025-12-03 17:16:25.511000+00:00,2025-12-03 17:16:26.695000+00:00,FINISHED,jacobi_N65_p1,kernel,/Shared/LSM-PoissonMPI-v3,100,3,kernel,custom,0.8,1,0.0,1,1,1,local,jacobi,sliced,65,,,,0.05899404201772995,1.9046559109526392e-06,0.01879199407994747,1.0124989785254002e-05,0.6795364931202094,7.286388862038506,1.0,0.0,100.0,423.85127624388133,27.126481679608403,1.9046559109526392e-06,
f8c415053a0f4c198d3f0ae03a38d5d7,2025-12-03 17:16:21.224000+00:00,2025-12-03 17:16:22.302000+00:00,FINISHED,jacobi_N33_p1,kernel,/Shared/LSM-PoissonMPI-v3,100,3,kernel,custom,0.8,1,0.0,1,1,6,local,jacobi,sliced,33,,,,0.010735459014540538,7.147768000223267e-06,0.006258204870391637,1.0760966688394547e-05,0.20990083457910128,2.3323112009168234,6.0,0.0,100.0,277.5009429932141,17.760060351565702,7.147768000223267e-06,
f725482aaf554f2280a148db9715e9d5,2025-12-03 17:16:16.732000+00:00,2025-12-03 17:16:17.898000+00:00,FINISHED,jacobi_N33_p1,kernel,/Shared/LSM-PoissonMPI-v3,100,3,kernel,custom,0.8,1,0.0,1,1,4,local,jacobi,sliced,33,,,,0.010895250015892088,7.147768000223267e-06,0.00666908489074558,1.1044932762160897e-05,0.20990083457910128,2.3323112009168234,4.0,0.0,100.0,273.43108195356774,17.499589245028336,7.147768000223267e-06,
1d42919a88b342e48aa62d86fabfcc8f,2025-12-03 17:16:12.672000+00:00,2025-12-03 17:16:13.682000+00:00,FINISHED,jacobi_N33_p1,kernel,/Shared/LSM-PoissonMPI-v3,100,3,kernel,custom,0.8,1,0.0,1,1,2,local,jacobi,sliced,33,,,,0.00944858300499618,7.147768000223267e-06,0.0054702940105926245,9.33697447180748e-06,0.20990083457910128,2.3323112009168234,2.0,0.0,100.0,315.2959547928747,20.17894110674398,7.147768000223267e-06,
c0892e603ed84678ba2b9533cd829ed6,2025-12-03 17:16:08.627000+00:00,2025-12-03 17:16:09.649000+00:00,FINISHED,jacobi_N33_p1,kernel,/Shared/LSM-PoissonMPI-v3,100,3,kernel,custom,0.8,1,0.0,1,1,1,local,jacobi,sliced,33,,,,0.01014695898629725,7.147768000223267e-06,0.006128289271146059,1.0206131264567375e-05,0.20990083457910128,2.3323112009168234,1.0,0.0,100.0,293.5953524620592,18.79010255757179,7.147768000223267e-06,
b0a47e29158b42d984e0b4d4fb01ef7e,2025-12-03 17:16:02.880000+00:00,2025-12-03 17:16:04.071000+00:00,FINISHED,jacobi_N257_p1,kernel,/Shared/LSM-PoissonMPI-v3,100,3,kernel,custom,0.8,0,0.0,1,1,1,local,jacobi,sliced,257,,,,11.558500708983047,2.054818623374193e-08,8.408090954879299,4.4619053369387984e-05,0.9761894215904491,10.279223591056923,,0.0,100.0,143.45610574832833,9.181190767893012,2.054818623374193e-08,
623f9d1016ca4424b649f1febba3a8ea,2025-12-03 17:15:47.238000+00:00,2025-12-03 17:15:48.370000+00:00,FINISHED,jacobi_N129_p1,kernel,/Shared/LSM-PoissonMPI-v3,100,3,kernel,custom,0.8,0,0.0,1,1,1,local,jacobi,sliced,129,,,,1.0781084999907762,2.1898127246174275e-07,0.7978817501279991,2.179719740524888e-05,0.9080731985135313,9.61867087700835,,0.0,100.0,189.99785272238603,12.159862574232706,2.1898127246174275e-07,
99e478aa3d9f4eadb66055545b724dbe,2025-12-03 17:15:42.448000+00:00,2025-12-03 17:15:43.587000+00:00,FINISHED,jacobi_N65_p1,kernel,/Shared/LSM-PoissonMPI-v3,100,3,kernel,custom,0.8,0,0.0,1,1,1,local,jacobi,sliced,65,,,,0.16967033399851061,1.9046559109526392e-06,0.12724607702693902,1.4866993296891451e-05,0.6795364931202094,7.286388862038506,,0.0,100.0,147.37225660332285,9.431824422612664,1.9046559109526392e-06,
7c03a8d9c3a6415c80942c6fff527ed4,2025-12-03 17:15:38.775000+00:00,2025-12-03 17:15:39.806000+00:00,FINISHED,jacobi_N33_p1,kernel,/Shared/LSM-PoissonMPI-v3,100,3,kernel,custom,0.8,0,0.0,1,1,1,local,jacobi,sliced,33,,,,0.04268904100172222,7.147768000223267e-06,0.03358949793619104,3.590804408304393e-05,0.20990083457910128,2.3323112009168234,,0.0,100.0,69.78606054607349,4.466307874948703,7.147768000223267e-06,
903b642437d6433f9dd8fed48b0e093a,2025-12-03 17:15:23.378000+00:00,2025-12-03 17:15:24.752000+00:00,FINISHED,jacobi_N17_p1,kernel,/Shared/LSM-PoissonMPI-v3,1000,3,kernel,custom,0.8,1,0.0,1,1,4,local,jacobi,sliced,17,,,,0.067719875019975,0.0,0.054376580694224685,0.00012699892977252603,0.0129507467218776,1.9343916694912438e-14,4.0,0.0,1000.0,49.837658427522086,3.1896101393614136,0.0,
f8bb6dab8aa243d8b43926066c6c47ad,2025-12-03 17:15:19.101000+00:00,2025-12-03 17:15:20.352000+00:00,FINISHED,jacobi_N17_p1,kernel,/Shared/LSM-PoissonMPI-v3,500,3,kernel,custom,0.8,1,0.0,1,1,4,local,jacobi,sliced,17,,,,0.028032500005792826,1.0127357003714926e-17,0.022808738343883306,5.29219105374068e-05,0.01295074672185544,2.7067498190810835e-13,4.0,0.0,500.0,60.197984469857616,3.8526710060708873,1.0127357003714926e-17,
e013e7dd2d3e4799aa3dcb88bd867063,2025-12-03 17:15:14.954000+00:00,2025-12-03 17:15:16.152000+00:00,FINISHED,jacobi_N17_p1,kernel,/Shared/LSM-PoissonMPI-v3,250,3,kernel,custom,0.8,1,0.0,1,1,4,local,jacobi,sliced,17,,,,0.01456754098762758,6.640592086994231e-11,0.011894553143065423,2.647709334269166e-05,0.012950593976638778,1.7389954641027352e-06,4.0,0.0,250.0,57.91986449302657,3.7068713275537006,6.640592086994231e-11,
a440a667b3554b5fb85d41276eb31eb1,2025-12-03 17:15:10.981000+00:00,2025-12-03 17:15:12+00:00,FINISHED,jacobi_N17_p1,kernel,/Shared/LSM-PoissonMPI-v3,100,3,kernel,custom,0.8,1,0.0,1,1,4,local,jacobi,sliced,17,,,,0.006439167016651481,8.225819789053761e-07,0.005220743012614548,1.133591285906732e-05,0.011058664212497729,0.021541246683208247,4.0,0.0,100.0,52.41361174935139,3.3544711519584887,8.225819789053761e-07,
c6ae8a86225d4385b0adfd6f8d190633,2025-12-03 17:15:06.545000+00:00,2025-12-03 17:15:07.754000+00:00,FINISHED,jacobi_N17_p1,kernel,/Shared/LSM-PoissonMPI-v3,50,3,kernel,custom,0.8,1,0.0,1,1,4,local,jacobi,sliced,17,,,,0.003178292012307793,1.9032827860130562e-05,0.002489211008651182,6.297108484432101e-06,0.030828088241339688,0.49841942873547,4.0,0.0,50.0,53.09455498315548,3.398051518921951,1.9032827860130562e-05,
f8a9b7d87f4c40e8927d388dfe98aee7,2025-12-03 17:15:01.730000+00:00,2025-12-03 17:15:02.913000+00:00,FINISHED,jacobi_N17_p1,kernel,/Shared/LSM-PoissonMPI-v3,25,3,kernel,custom,0.8,1,0.0,1,1,4,local,jacobi,sliced,17,,,,0.001796708005713299,9.155148311318814e-05,0.0013770409568678588,3.6689452826976776e-06,0.1976336866216278,2.3974912319123325,4.0,0.0,25.0,46.960886093732775,3.0054967099988974,9.155148311318814e-05,
a38644812f10455c8c301833483137b9,2025-12-03 17:14:57.623000+00:00,2025-12-03 17:14:58.739000+00:00,FINISHED,jacobi_N17_p1,kernel,/Shared/LSM-PoissonMPI-v3,10,3,kernel,custom,0.8,1,0.0,1,1,4,local,jacobi,sliced,17,,,,0.0007494160090573132,0.00023494306105667557,0.0005174979742150754,2.0829320419579744e-06,0.5274594104728535,6.152537454643175,4.0,0.0,10.0,45.03506676145598,2.8822442727331827,0.00023494306105667557,
a68f0c2855c04f198a090e24850efb37,2025-12-03 17:14:51.977000+00:00,2025-12-03 17:14:53.481000+00:00,FINISHED,jacobi_N17_p1,kernel,/Shared/LSM-PoissonMPI-v3,1000,3,kernel,custom,0.8,0,0.0,1,1,1,local,jacobi,sliced,17,,,,0.05349112499970943,0.0,0.040028692194027826,0.00016279227565973997,0.0129507467218776,1.9343916694912438e-14,,0.0,1000.0,63.09457877392434,4.038053041531158,0.0,
8285cb570b9943dd9027a144f2af3554,2025-12-03 17:14:48.014000+00:00,2025-12-03 17:14:49.385000+00:00,FINISHED,jacobi_N17_p1,kernel,/Shared/LSM-PoissonMPI-v3,500,3,kernel,custom,0.8,0,0.0,1,1,1,local,jacobi,sliced,17,,,,0.041905707999831066,1.0127357003714926e-17,0.031441856699530035,0.00012357888044789433,0.01295074672185544,2.7067498190810835e-13,,0.0,500.0,40.26897720011801,2.5772145408075526,1.0127357003714926e-17,
37dc555d9d234e37a5d13c17d964429e,2025-12-03 17:14:44.164000+00:00,2025-12-03 17:14:45.401000+00:00,FINISHED,jacobi_N17_p1,kernel,/Shared/LSM-PoissonMPI-v3,250,3,kernel,custom,0.8,0,0.0,1,1,1,local,jacobi,sliced,17,,,,0.021166292019188404,6.640592086994231e-11,0.015846249065361917,6.0653022956103086e-05,0.012950593976638778,1.7389954641027352e-06,,0.0,250.0,39.86291029317248,2.5512262587630388,6.640592086994231e-11,
30f842de25174df4a0e402a440430c43,2025-12-03 17:14:40.158000+00:00,2025-12-03 17:14:41.370000+00:00,FINISHED,jacobi_N17_p1,kernel,/Shared/LSM-PoissonMPI-v3,100,3,kernel,custom,0.8,0,0.0,1,1,1,local,jacobi,sliced,17,,,,0.010390083014499396,8.225819789053761e-07,0.007801624888088554,3.328797174617648e-05,0.011058664212497729,0.021541246683208247,,0.0,100.0,32.482897348271194,2.0789054302893564,8.225819789053761e-07,
7d559417c2f04d03839fe4e59438e171,2025-12-03 17:14:36.362000+00:00,2025-12-03 17:14:37.479000+00:00,FINISHED,jacobi_N17_p1,kernel,/Shared/LSM-PoissonMPI-v3,50,3,kernel,custom,0.8,0,0.0,1,1,1,local,jacobi,sliced,17,,,,0.001736750011332333,1.9032827860130562e-05,0.001176165125798434,6.460963049903512e-06,0.030828088241339688,0.49841942873547,,0.0,50.0,97.16424292437164,6.2185115471597845,1.9032827860130562e-05,
1b57ee7605be49ecbf3bd414d920dd79,2025-12-03 17:14:32.340000+00:00,2025-12-03 17:14:33.553000+00:00,FINISHED,jacobi_N17_p1,kernel,/Shared/LSM-PoissonMPI-v3,25,3,kernel,custom,0.8,0,0.0,1,1,1,local,jacobi,sliced,17,,,,0.0009509999945294112,9.155148311318814e-05,0.0006751659675501287,3.916997229680419e-06,0.1976336866216278,2.3974912319123325,,0.0,25.0,88.72239798671268,5.678233471149611,9.155148311318814e-05,
e1ce48e915644564b5cd3f70a5d8209b,2025-12-03 17:14:28.473000+00:00,2025-12-03 17:14:29.559000+00:00,FINISHED,jacobi_N17_p1,kernel,/Shared/LSM-PoissonMPI-v3,10,3,kernel,custom,0.8,0,0.0,1,1,1,local,jacobi,sliced,17,,,,0.0015791670011822134,0.00023494306105667557,0.0011066250153817236,6.999995093792677e-06,0.5274594104728535,6.152537454643175,,0.0,10.0,21.37202713502353,1.3678097366415058,0.00023494306105667557,
e4aabd8835cc4eb9b1d8d72b5e01a7f2,2025-12-03 17:08:43.658000+00:00,2025-12-03 17:08:44.883000+00:00,FINISHED,jacobi_N257_p1,kernel,/Shared/LSM-PoissonMPI-v3,100,3,kernel,custom,0.8,1,1e-16,1,1,6,local,jacobi,sliced,257,,,,3.9001580420008395,2.054818623374193e-08,0.5392486189084593,6.0170190408825874e-05,0.9761894215904491,0.0025243527475354373,6.0,0.0,100.0,425.1462330868394,27.20935891755772,2.054818623374193e-08,
03e52596092e4d9f822b2c80e7da16d2,2025-12-03 17:08:35.392000+00:00,2025-12-03 17:08:36.489000+00:00,FINISHED,jacobi_N257_p1,kernel,/Shared/LSM-PoissonMPI-v3,100,3,kernel,custom,0.8,1,1e-16,1,1,4,local,jacobi,sliced,257,,,,3.748593083990272,2.054818623374193e-08,0.5429171268187929,5.237801815383136e-05,0.9761894215904491,0.0025243527475354373,4.0,0.0,100.0,442.3359545429666,28.309501090749862,2.054818623374193e-08,
001827a1c10948e3b9e3ea7b7c38401f,2025-12-03 17:08:26.752000+00:00,2025-12-03 17:08:28.237000+00:00,FINISHED,jacobi_N257_p1,kernel,/Shared/LSM-PoissonMPI-v3,100,3,kernel,custom,0.8,1,1e-16,1,1,2,local,jacobi,sliced,257,,,,3.7804938750050496,2.054818623374193e-08,0.6401024959632196,5.374712054617703e-05,0.9761894215904491,0.0025243527475354373,2.0,0.0,100.0,438.6034086611991,28.070618154316744,2.054818623374193e-08,
655587027b6443ecb1fd27b19130a9a2,2025-12-03 17:08:18.496000+00:00,2025-12-03 17:08:19.560000+00:00,FINISHED,jacobi_N257_p1,kernel,/Shared/LSM-PoissonMPI-v3,100,3,kernel,custom,0.8,1,1e-16,1,1,1,local,jacobi,sliced,257,,,,4.1174541669897735,2.054818623374193e-08,0.9553214952466078,5.470393807627261e-05,0.9761894215904491,0.0025243527475354373,1.0,0.0,100.0,402.7094007004446,25.773401644828454,2.054818623374193e-08,
ea313c8b432a407fa1a3ec63c70cf9d1,2025-12-03 17:08:09.800000+00:00,2025-12-03 17:08:10.989000+00:00,FINISHED,jacobi_N129_p1,kernel,/Shared/LSM-PoissonMPI-v3,100,3,kernel,custom,0.8,1,1e-16,1,1,6,local,jacobi,sliced,129,,,,0.33704416698310524,2.1898127246174275e-07,0.05800399315194227,2.779503120109439e-05,0.9080731985135313,0.0067206222162555585,6.0,0.0,100.0,607.7491322087404,38.895944461359385,2.1898127246174275e-07,
f2582f75f76440b2bc8fe48be2bace43,2025-12-03 17:08:05.280000+00:00,2025-12-03 17:08:06.381000+00:00,FINISHED,jacobi_N129_p1,kernel,/Shared/LSM-PoissonMPI-v3,100,3,kernel,custom,0.8,1,1e-16,1,1,4,local,jacobi,sliced,129,,,,0.33682212501298636,2.1898127246174275e-07,0.05734403891256079,2.8376030968502164e-05,0.9080731985135313,0.0067206222162555585,4.0,0.0,100.0,608.1497763607493,38.921585687087955,2.1898127246174275e-07,
8399b0ac88d74261bea90d0c9cd849a8,2025-12-03 17:08:00.704000+00:00,2025-12-03 17:08:01.764000+00:00,FINISHED,jacobi_N129_p1,kernel,/Shared/LSM-PoissonMPI-v3,100,3,kernel,custom,0.8,1,1e-16,1,1,2,local,jacobi,sliced,129,,,,0.34119674999965355,2.1898127246174275e-07,0.07058041603886522,2.071005292236805e-05,0.9080731985135313,0.0067206222162555585,2.0,0.0,100.0,600.3524359484901,38.422555900703365,2.1898127246174275e-07,
6778060ff94248d6a31e6e736c78a4c3,2025-12-03 17:07:56.092000+00:00,2025-12-03 17:07:57.301000+00:00,FINISHED,jacobi_N129_p1,kernel,/Shared/LSM-PoissonMPI-v3,100,3,kernel,custom,0.8,1,1e-16,1,1,1,local,jacobi,sliced,129,,,,0.3957667089998722,2.1898127246174275e-07,0.12270661897491664,1.8419959815219045e-05,0.9080731985135313,0.0067206222162555585,1.0,0.0,100.0,517.5733464738342,33.12469417432539,2.1898127246174275e-07,
a081c9240efa44db87b6ef6c1ae7fee9,2025-12-03 17:07:51.146000+00:00,2025-12-03 17:07:52.455000+00:00,FINISHED,jacobi_N65_p1,kernel,/Shared/LSM-PoissonMPI-v3,100,3,kernel,custom,0.8,1,1e-16,1,1,6,local,jacobi,sliced,65,,,,0.05146212500403635,1.9046559109526392e-06,0.011053330119466409,1.0497868061065674e-05,0.6795364931202094,0.01457140807608829,6.0,0.0,100.0,485.8854934194574,31.096671578845275,1.9046559109526392e-06,
26d790dbd86546e39f39ea102dac8574,2025-12-03 17:07:46.897000+00:00,2025-12-03 17:07:48.083000+00:00,FINISHED,jacobi_N65_p1,kernel,/Shared/LSM-PoissonMPI-v3,100,3,kernel,custom,0.8,1,1e-16,1,1,4,local,jacobi,sliced,65,,,,0.04872670801705681,1.9046559109526392e-06,0.009292961098253727,1.0045128874480724e-05,0.6795364931202094,0.01457140807608829,4.0,0.0,100.0,513.162103855797,32.842374646771006,1.9046559109526392e-06,
ea72838c7192482b95f04686dcc8a6b5,2025-12-03 17:07:42.615000+00:00,2025-12-03 17:07:43.699000+00:00,FINISHED,jacobi_N65_p1,kernel,/Shared/LSM-PoissonMPI-v3,100,3,kernel,custom,0.8,1,1e-16,1,1,2,local,jacobi,sliced,65,,,,0.05272825001156889,1.9046559109526392e-06,0.012163414940005168,1.0088930139318109e-05,0.6795364931202094,0.01457140807608829,2.0,0.0,100.0,474.21827947094437,30.34996988614044,1.9046559109526392e-06,
da6cb96b965d4823aa4b4beb35584909,2025-12-03 17:07:38.328000+00:00,2025-12-03 17:07:39.506000+00:00,FINISHED,jacobi_N65_p1,kernel,/Shared/LSM-PoissonMPI-v3,100,3,kernel,custom,0.8,1,1e-16,1,1,1,local,jacobi,sliced,65,,,,0.06071429201983847,1.9046559109526392e-06,0.019238668028265238,1.0918884072452784e-05,0.6795364931202094,0.01457140807608829,1.0,0.0,100.0,411.84207487472116,26.357892791982156,1.9046559109526392e-06,
2d363b7438824929af33bd6bfdf5e783,2025-12-03 17:07:33.904000+00:00,2025-12-03 17:07:35.149000+00:00,FINISHED,jacobi_N33_p1,kernel,/Shared/LSM-PoissonMPI-v3,100,3,kernel,custom,0.8,1,1e-16,1,1,6,local,jacobi,sliced,33,,,,0.009930166997946799,7.147768000223267e-06,0.006009788135997951,9.377137757837772e-06,0.20990083457910128,0.013512756698745037,6.0,0.0,100.0,300.00502515375325,19.20032160984021,7.147768000223267e-06,
13e33608d0df4d619483fbd948b4775d,2025-12-03 17:07:29.679000+00:00,2025-12-03 17:07:30.790000+00:00,FINISHED,jacobi_N33_p1,kernel,/Shared/LSM-PoissonMPI-v3,100,3,kernel,custom,0.8,1,1e-16,1,1,4,local,jacobi,sliced,33,,,,0.009275499993236735,7.147768000223267e-06,0.005103336996398866,9.342009434476495e-06,0.20990083457910128,0.013512756698745037,4.0,0.0,100.0,321.1794514767098,20.555484894509426,7.147768000223267e-06,
5b25dd1f713f42b6951898a6023169f6,2025-12-03 17:07:25.345000+00:00,2025-12-03 17:07:26.405000+00:00,FINISHED,jacobi_N33_p1,kernel,/Shared/LSM-PoissonMPI-v3,100,3,kernel,custom,0.8,1,1e-16,1,1,2,local,jacobi,sliced,33,,,,0.00986433299840428,7.147768000223267e-06,0.005879250820726156,9.751791367307305e-06,0.20990083457910128,0.013512756698745037,2.0,0.0,100.0,302.00724169408306,19.328463468421315,7.147768000223267e-06,
f6cd040829e147d8b23eca0e336b6010,2025-12-03 17:07:20.848000+00:00,2025-12-03 17:07:22.146000+00:00,FINISHED,jacobi_N33_p1,kernel,/Shared/LSM-PoissonMPI-v3,100,3,kernel,custom,0.8,1,1e-16,1,1,1,local,jacobi,sliced,33,,,,0.010063374997116625,7.147768000223267e-06,0.006027995812473819,1.0206102160736918e-05,0.20990083457910128,0.013512756698745037,1.0,0.0,100.0,296.03388533703423,18.94616866157019,7.147768000223267e-06,
1807ea0659014af0a1b8da82e5553b7d,2025-12-03 17:07:08.420000+00:00,2025-12-03 17:07:09.506000+00:00,FINISHED,jacobi_N257_p1,kernel,/Shared/LSM-PoissonMPI-v3,100,3,kernel,custom,0.8,0,1e-16,1,1,1,local,jacobi,sliced,257,,,,11.587649416993372,2.054818623374193e-08,8.481026208901312,4.287285264581442e-05,0.9761894215904491,0.0025243527475354373,,0.0,100.0,143.09524221265525,9.158095501609937,2.054818623374193e-08,
0ef787c749714cdfb474b769d2839d69,2025-12-03 17:06:52.757000+00:00,2025-12-03 17:06:53.882000+00:00,FINISHED,jacobi_N129_p1,kernel,/Shared/LSM-PoissonMPI-v3,100,3,kernel,custom,0.8,0,1e-16,1,1,1,local,jacobi,sliced,129,,,,1.1676743749994785,2.1898127246174275e-07,0.8621875001408625,3.087299410253763e-05,0.9080731985135313,0.0067206222162555585,,0.0,100.0,175.42416309349213,11.227146437983498,2.1898127246174275e-07,
6abc6dadd191433f957bc40e7f26472f,2025-12-03 17:06:47.797000+00:00,2025-12-03 17:06:48.951000+00:00,FINISHED,jacobi_N65_p1,kernel,/Shared/LSM-PoissonMPI-v3,100,3,kernel,custom,0.8,0,1e-16,1,1,1,local,jacobi,sliced,65,,,,0.17091820799396373,1.9046559109526392e-06,0.12789804203202948,1.6040197806432843e-05,0.6795364931202094,0.01457140807608829,,0.0,100.0,146.2962916208616,9.362962663735145,1.9046559109526392e-06,
698f7f6851be4238849d864fb3824979,2025-12-03 17:06:43.686000+00:00,2025-12-03 17:06:44.954000+00:00,FINISHED,jacobi_N33_p1,kernel,/Shared/LSM-PoissonMPI-v3,100,3,kernel,custom,0.8,0,1e-16,1,1,1,local,jacobi,sliced,33,,,,0.034628958004759625,7.147768000223267e-06,0.027331079851137474,2.579018473625183e-05,0.20990083457910128,0.013512756698745037,,0.0,100.0,86.02915512475234,5.50586592798415,7.147768000223267e-06,
afb1c12d1c734b3aaa2c1335e53f930d,2025-12-03 17:06:31.720000+00:00,2025-12-03 17:06:32.959000+00:00,FINISHED,jacobi_N17_p1,kernel,/Shared/LSM-PoissonMPI-v3,1000,3,kernel,custom,0.8,1,1e-16,1,1,4,local,jacobi,sliced,17,,,,0.026249958988046274,9.615631546052614e-17,0.021416499104816467,4.788479418493807e-05,0.012950746721642963,4.627631432177923e-14,4.0,1.0,464.0,59.65723606323066,3.818063108046762,9.615631546052614e-17,
916eb53b082548c1be3d4dda9efc76a4,2025-12-03 17:06:27.240000+00:00,2025-12-03 17:06:28.601000+00:00,FINISHED,jacobi_N17_p1,kernel,/Shared/LSM-PoissonMPI-v3,500,3,kernel,custom,0.8,1,1e-16,1,1,4,local,jacobi,sliced,17,,,,0.02658916698419489,9.615631546052614e-17,0.021782374242320657,4.7118141083046794e-05,0.012950746721642963,4.627631432177923e-14,4.0,1.0,464.0,58.89616628196214,3.769354642045577,9.615631546052614e-17,
ea8bfa9b3be140138e3069d3c0c9f178,2025-12-03 17:06:22.921000+00:00,2025-12-03 17:06:23.983000+00:00,FINISHED,jacobi_N17_p1,kernel,/Shared/LSM-PoissonMPI-v3,250,3,kernel,custom,0.8,1,1e-16,1,1,4,local,jacobi,sliced,17,,,,0.014257250004447997,6.640592086994231e-11,0.011556288256542757,2.5671382900327444e-05,0.012950593976638778,2.993377987377836e-08,4.0,0.0,250.0,59.180416962371126,3.787546685591752,6.640592086994231e-11,
1b708db9e1d34399870ca9acfa226f13,2025-12-03 17:06:18.806000+00:00,2025-12-03 17:06:19.882000+00:00,FINISHED,jacobi_N17_p1,kernel,/Shared/LSM-PoissonMPI-v3,100,3,kernel,custom,0.8,1,1e-16,1,1,4,local,jacobi,sliced,17,,,,0.006605917005799711,8.225819789053761e-07,0.005355791974579915,1.1253025149926543e-05,0.011058664212497729,0.00037079506515827243,4.0,0.0,100.0,51.090560130211976,3.2697958483335667,8.225819789053761e-07,
8d1a117c845b410f8e8de1809b573dbc,2025-12-03 17:06:14.490000+00:00,2025-12-03 17:06:15.661000+00:00,FINISHED,jacobi_N17_p1,kernel,/Shared/LSM-PoissonMPI-v3,50,3,kernel,custom,0.8,1,1e-16,1,1,4,local,jacobi,sliced,17,,,,0.003554916998837143,1.9032827860130562e-05,0.0028774149250239134,6.374990334734321e-06,0.030828088241339688,0.008579422875194177,4.0,0.0,50.0,47.469462734348,3.038045614998272,1.9032827860130562e-05,
ce4d6ca703854f7790aa434ba6b555bf,2025-12-03 17:06:10.019000+00:00,2025-12-03 17:06:11.285000+00:00,FINISHED,jacobi_N17_p1,kernel,/Shared/LSM-PoissonMPI-v3,25,3,kernel,custom,0.8,1,1e-16,1,1,4,local,jacobi,sliced,17,,,,0.0016633330087643117,9.155148311318814e-05,0.001203542051371187,4.252011422067881e-06,0.1976336866216278,0.04126863828388786,4.0,0.0,25.0,50.726462804151346,3.246493619465686,9.155148311318814e-05,
3bac92e9667e43988ae2a36a725d4fb9,2025-12-03 17:06:05.464000+00:00,2025-12-03 17:06:06.881000+00:00,FINISHED,jacobi_N17_p1,kernel,/Shared/LSM-PoissonMPI-v3,10,3,kernel,custom,0.8,1,1e-16,1,1,4,local,jacobi,sliced,17,,,,0.0008439999946858734,0.00023494306105667557,0.0006065410270821303,2.2919848561286926e-06,0.5274594104728535,0.10590522266111285,4.0,0.0,10.0,39.988151910547515,2.5592417222750408,0.00023494306105667557,
26247c3db8a1430bb15dacda37925ae6,2025-12-03 17:04:52.004000+00:00,,RUNNING,jacobi_N17_p1,kernel,/Shared/LSM-PoissonMPI-v3,10,3,kernel,custom,0.8,1,1e-16,1,1,1,local,jacobi,sliced,17,,,,0.0007772079843562096,,0.0005424609989859164,2.373999450355768e-06,0.5274594104728535,0.10590522266111285,1.0,0.0,10.0,43.424669688585844,2.779178860069494,0.00023494306105667557,
07eb3782b36742fca896c877591694d0,2025-12-03 17:04:37.632000+00:00,2025-12-03 17:04:38.834000+00:00,FINISHED,jacobi_N17_p1,kernel,/Shared/LSM-PoissonMPI-v3,1000,3,kernel,custom,0.8,0,1e-16,1,1,1,local,jacobi,sliced,17,,,,0.02955049998126924,9.615631546052614e-17,0.021610402007354423,9.044905891641974e-05,0.012950746721642963,4.627631432177923e-14,,1.0,464.0,52.99402720741166,3.3916177412743465,9.615631546052614e-17,
576233d79e194ee0b5cf4ceba5e6515a,2025-12-03 17:04:33.413000+00:00,2025-12-03 17:04:34.753000+00:00,FINISHED,jacobi_N17_p1,kernel,/Shared/LSM-PoissonMPI-v3,500,3,kernel,custom,0.8,0,1e-16,1,1,1,local,jacobi,sliced,17,,,,0.03481229199678637,9.615631546052614e-17,0.026163688104134053,0.00010071092401631176,0.012950746721642963,4.627631432177923e-14,,1.0,464.0,44.98411078892945,2.8789830904914844,9.615631546052614e-17,
52e4cd96c4b84d26a5455fcb7c362083,2025-12-03 17:04:29.294000+00:00,2025-12-03 17:04:30.630000+00:00,FINISHED,jacobi_N17_p1,kernel,/Shared/LSM-PoissonMPI-v3,250,3,kernel,custom,0.8,0,1e-16,1,1,1,local,jacobi,sliced,17,,,,0.008598790998803452,6.640592086994231e-11,0.006350870738970116,2.6882014935836196e-05,0.012950593976638778,2.993377987377836e-08,,0.0,250.0,98.12425957526011,6.279952612816647,6.640592086994231e-11,
28914b3e6953450cbc040216b18dbad0,2025-12-03 17:04:25.189000+00:00,2025-12-03 17:04:26.474000+00:00,FINISHED,jacobi_N17_p1,kernel,/Shared/LSM-PoissonMPI-v3,100,3,kernel,custom,0.8,0,1e-16,1,1,1,local,jacobi,sliced,17,,,,0.007606792001752183,8.225819789053761e-07,0.005692044098395854,2.204999327659607e-05,0.011058664212497729,0.00037079506515827243,,0.0,100.0,44.3682435279233,2.839567585787091,8.225819789053761e-07,
6c13c7ff93ee47c3b6daa6b988652ca0,2025-12-03 17:04:21.472000+00:00,2025-12-03 17:04:22.456000+00:00,FINISHED,jacobi_N17_p1,kernel,/Shared/LSM-PoissonMPI-v3,50,3,kernel,custom,0.8,0,1e-16,1,1,1,local,jacobi,sliced,17,,,,0.0021987499785609543,1.9032827860130562e-05,0.0015957830182742327,7.830938557162881e-06,0.030828088241339688,0.008579422875194177,,0.0,50.0,76.74815310763259,4.911881798888486,1.9032827860130562e-05,
6635877c3fd54363a7d5486ddcc69810,2025-12-03 17:04:17.435000+00:00,2025-12-03 17:04:18.630000+00:00,FINISHED,jacobi_N17_p1,kernel,/Shared/LSM-PoissonMPI-v3,25,3,kernel,custom,0.8,0,1e-16,1,1,1,local,jacobi,sliced,17,,,,0.00105720799183473,9.155148311318814e-05,0.0007512891897931695,3.917986759915948e-06,0.1976336866216278,0.04126863828388786,,0.0,25.0,79.80927182887781,5.10779339704818,9.155148311318814e-05,
4d35ebd559cb424bafa686efd9649ecd,2025-12-03 17:04:13.343000+00:00,2025-12-03 17:04:14.730000+00:00,FINISHED,jacobi_N17_p1,kernel,/Shared/LSM-PoissonMPI-v3,10,3,kernel,custom,0.8,0,1e-16,1,1,1,local,jacobi,sliced,17,,,,0.0015244579990394413,0.00023494306105667557,0.0010763350583147258,6.996997399255633e-06,0.5274594104728535,0.10590522266111285,,0.0,10.0,22.139015978968146,1.4168970226539614,0.00023494306105667557,
d47eecd06ec444a591663df120547976,2025-12-03 01:51:23.024000+00:00,2025-12-03 01:51:25.044000+00:00,FINISHED,jacobi_N129_p1,kernel,/Shared/LSM-PoissonMPI-v2,200,,,,0.8,,1e-06,,1,,,jacobi,,129,sequential,,,0.03399529098533094,2.4091208531532824e-07,0.030050542001845315,,1.0,,,1.0,1.0,60.25490415375126,1.9281569329200403,,0.030050542001845315
8d54537abf55416da792a3d8fc064329,2025-12-03 01:51:17.924000+00:00,2025-12-03 01:51:20.067000+00:00,FINISHED,jacobi_N65_p1,kernel,/Shared/LSM-PoissonMPI-v2,200,,,,0.8,,1e-06,,1,,,jacobi,,65,sequential,,,0.34342866600491107,1.294773286393559e-06,0.2755444177601021,,0.4616873868402097,,,0.0,200.0,145.61801314304049,4.659776420577296,,0.0013159170048311353
032e3f70b1414487b5344ad65d6d0fae,2025-12-03 01:51:04.248000+00:00,2025-12-03 01:51:06.417000+00:00,FINISHED,jacobi_N129_p1,kernel,/Shared/LSM-PoissonMPI-v2,200,,,,0.8,,1e-06,,1,,,jacobi,,129,sequential,,,0.044533667009091005,2.4091208531532824e-07,0.04026479201274924,,1.0,,,1.0,1.0,45.996279614293776,1.4718809476574009,,0.04026479201274924
c6413943773b40638bfb0c253686198c,2025-12-03 01:50:58.755000+00:00,2025-12-03 01:51:01.121000+00:00,FINISHED,jacobi_N65_p1,kernel,/Shared/LSM-PoissonMPI-v2,200,,,,0.8,,1e-06,,1,,,jacobi,,65,sequential,,,0.38881150001543574,1.294773286393559e-06,0.31113222206477076,,0.4616873868402097,,,0.0,200.0,128.62119561282174,4.115878259610295,,0.0013010830152779818
f8dbaa2b633f4190a141943700db7647,2025-12-02 23:56:43.423000+00:00,2025-12-02 23:56:44.607000+00:00,FINISHED,jacobi_N17_p1,kernel,/Shared/LSM-PoissonMPI,5,,,,0.8,,1e-06,,1,,,jacobi,,17,sequential,,,0.0006372089992510155,0.00032165850250629423,0.0005113340012030676,,0.7269201016472754,,,0.0,5.0,26.48267682947842,0.8474456585433094,,8.004100527614355e-05
8ec75e747ddb46bb9e2f64938db4cd3b,2025-12-02 16:35:40.247000+00:00,2025-12-02 16:35:41.261000+00:00,FINISHED,numba_N150_t8,kernels_benchmark,/Shared/LSM-PoissonMPI,200,,,,1.0,,,,,,,,,150,,8,numba,0.3158170000000098,,,,,,,,200.0,2052.9559840033307,,,
234cd2f2cdc54f14845b7d1f6a0685a6,2025-12-02 16:35:35.495000+00:00,2025-12-02 16:35:36.385000+00:00,FINISHED,numba_N150_t6,kernels_benchmark,/Shared/LSM-PoissonMPI,200,,,,1.0,,,,,,,,,150,,6,numba,0.4452090000000055,,,,,,,,200.0,1456.3011978643558,,,
145cd43d54c3469e8fe734d5ec40500a,2025-12-02 16:35:30.507000+00:00,2025-12-02 16:35:31.450000+00:00,FINISHED,numba_N150_t4,kernels_benchmark,/Shared/LSM-PoissonMPI,200,,,,1.0,,,,,,,,,150,,4,numba,0.41967800000000466,,,,,,,,200.0,1544.894895610427,,,
def65a71d25a4c20a382f957122f8aa3,2025-12-02 16:35:26.060000+00:00,2025-12-02 16:35:26.768000+00:00,FINISHED,numba_N150_t1,kernels_benchmark,/Shared/LSM-PoissonMPI,200,,,,1.0,,,,,,,,,150,,1,numba,0.8377780000000143,,,,,,,,200.0,773.9023941903331,,,
40a4df1fc90f4cc59ffa14be07bfbaf9,2025-12-02 16:35:20.657000+00:00,2025-12-02 16:35:21.652000+00:00,FINISHED,numpy_N150_t8,kernels_benchmark,/Shared/LSM-PoissonMPI,200,,,,1.0,,,,,,,,,150,,8,numpy,4.313074999999998,,,,,,,,200.0,150.32393362044488,,,
692204892c9e48e1b12e070156378272,2025-12-02 16:35:11.576000+00:00,2025-12-02 16:35:12.732000+00:00,FINISHED,numpy_N150_t6,kernels_benchmark,/Shared/LSM-PoissonMPI,200,,,,1.0,,,,,,,,,150,,6,numpy,4.306988999999987,,,,,,,,200.0,150.53634917572393,,,
e52c7df602454a96a9a39404aa4c236d,2025-12-02 16:35:03.163000+00:00,2025-12-02 16:35:03.794000+00:00,FINISHED,numpy_N150_t4,kernels_benchmark,/Shared/LSM-PoissonMPI,200,,,,1.0,,,,,,,,,150,,4,numpy,4.242835000000014,,,,,,,,200.0,152.81254161427393,,,
e3cbac2a6026407f8c640e91cba93c07,2025-12-02 16:34:54.278000+00:00,2025-12-02 16:34:55.323000+00:00,FINISHED,numpy_N150_t1,kernels_benchmark,/Shared/LSM-PoissonMPI,200,,,,1.0,,,,,,,,,150,,1,numpy,4.0810730000000035,,,,,,,,200.0,158.86959140402521,,,
bfe015d884384c9d81ccbfac5e22567f,2025-12-02 16:34:45.672000+00:00,2025-12-02 16:34:46.591000+00:00,FINISHED,numba_N125_t8,kernels_benchmark,/Shared/LSM-PoissonMPI,200,,,,1.0,,,,,,,,,125,,8,numba,0.1779200000000003,,,,,,,,200.0,2091.801933453234,,,
bea932c6189d4980a963c9d306193b7c,2025-12-02 16:34:40.955000+00:00,2025-12-02 16:34:41.807000+00:00,FINISHED,numba_N125_t6,kernels_benchmark,/Shared/LSM-PoissonMPI,200,,,,1.0,,,,,,,,,125,,6,numba,0.17688899999998853,,,,,,,,200.0,2103.99403015464,,,
0e6cef97398946f8ab551dffa26eabd9,2025-12-02 16:34:36.222000+00:00,2025-12-02 16:34:37.505000+00:00,FINISHED,numba_N125_t4,kernels_benchmark,/Shared/LSM-PoissonMPI,200,,,,1.0,,,,,,,,,125,,4,numba,0.1844820000000027,,,,,,,,200.0,2017.3968192018438,,,
8951523e8e344e8dbdd69ce19715178e,2025-12-02 16:34:31.544000+00:00,2025-12-02 16:34:32.379000+00:00,FINISHED,numba_N125_t1,kernels_benchmark,/Shared/LSM-PoissonMPI,200,,,,1.0,,,,,,,,,125,,1,numba,0.5049329999999941,,,,,,,,200.0,737.0748198275897,,,
e69eb8d4861f4d849935eba4b069b1d6,2025-12-02 16:34:26.093000+00:00,2025-12-02 16:34:27.368000+00:00,FINISHED,numpy_N125_t8,kernels_benchmark,/Shared/LSM-PoissonMPI,200,,,,1.0,,,,,,,,,125,,8,numpy,1.9644069999999942,,,,,,,,200.0,189.458396350655,,,
cac57f813c334cf9bca0f2acd23782b8,2025-12-02 16:34:19.802000+00:00,2025-12-02 16:34:20.455000+00:00,FINISHED,numpy_N125_t6,kernels_benchmark,/Shared/LSM-PoissonMPI,200,,,,1.0,,,,,,,,,125,,6,numpy,1.9043999999999812,,,,,,,,200.0,195.42816635160875,,,
89a785e21f734ea4b60f8c2857cbb0a0,2025-12-02 16:34:13.094000+00:00,2025-12-02 16:34:14.251000+00:00,FINISHED,numpy_N125_t4,kernels_benchmark,/Shared/LSM-PoissonMPI,200,,,,1.0,,,,,,,,,125,,4,numpy,1.931159000000008,,,,,,,,200.0,192.72022655824736,,,
2657e92564ec4130a4bd78c0e643e233,2025-12-02 16:34:06.550000+00:00,2025-12-02 16:34:07.674000+00:00,FINISHED,numpy_N125_t1,kernels_benchmark,/Shared/LSM-PoissonMPI,200,,,,1.0,,,,,,,,,125,,1,numpy,1.9337969999999984,,,,,,,,200.0,192.45732618263463,,,
51930cddae5242afad964190e03c500a,2025-12-02 16:34:00.145000+00:00,2025-12-02 16:34:00.942000+00:00,FINISHED,numba_N100_t8,kernels_benchmark,/Shared/LSM-PoissonMPI,200,,,,1.0,,,,,,,,,100,,8,numba,0.13472400000000562,,,,,,,,200.0,1397.2150470591146,,,
20bc6e3a984a4a83bcc62b2adf154e39,2025-12-02 16:33:55.371000+00:00,2025-12-02 16:33:56.432000+00:00,FINISHED,numba_N100_t6,kernels_benchmark,/Shared/LSM-PoissonMPI,200,,,,1.0,,,,,,,,,100,,6,numba,0.12717799999998647,,,,,,,,200.0,1480.1176304079324,,,
6ea4ecaedfa94225a2fb69e353dfb344,2025-12-02 16:33:50.797000+00:00,2025-12-02 16:33:51.514000+00:00,FINISHED,numba_N100_t4,kernels_benchmark,/Shared/LSM-PoissonMPI,200,,,,1.0,,,,,,,,,100,,4,numba,0.14259899999998993,,,,,,,,200.0,1320.0541378271466,,,
6202def2311940e2935a3cad4b9dd96e,2025-12-02 16:33:46.258000+00:00,2025-12-02 16:33:47.330000+00:00,FINISHED,numba_N100_t1,kernels_benchmark,/Shared/LSM-PoissonMPI,200,,,,1.0,,,,,,,,,100,,1,numba,0.2823789999999917,,,,,,,,200.0,666.6161435517708,,,
0fe48ab18501408a8ec0ef5c1e08c9e1,2025-12-02 16:33:41.635000+00:00,2025-12-02 16:33:42.476000+00:00,FINISHED,numpy_N100_t8,kernels_benchmark,/Shared/LSM-PoissonMPI,200,,,,1.0,,,,,,,,,100,,8,numpy,1.2388479999999902,,,,,,,,200.0,151.946324327118,,,
be2bec058298494f87014ae89f1ccf2f,2025-12-02 16:33:35.830000+00:00,2025-12-02 16:33:36.884000+00:00,FINISHED,numpy_N100_t6,kernels_benchmark,/Shared/LSM-PoissonMPI,200,,,,1.0,,,,,,,,,100,,6,numpy,1.1770640000000014,,,,,,,,200.0,159.92197535563042,,,
c4287652e11047ada4a593a7fd241fe6,2025-12-02 16:33:30.526000+00:00,2025-12-02 16:33:31.395000+00:00,FINISHED,numpy_N100_t4,kernels_benchmark,/Shared/LSM-PoissonMPI,200,,,,1.0,,,,,,,,,100,,4,numpy,1.2059560000000005,,,,,,,,200.0,156.09060363728022,,,
ec6ba34e3add4397be4bbf1a88a573ff,2025-12-02 16:33:24.793000+00:00,2025-12-02 16:33:25.723000+00:00,FINISHED,numpy_N100_t1,kernels_benchmark,/Shared/LSM-PoissonMPI,200,,,,1.0,,,,,,,,,100,,1,numpy,1.1924980000000005,,,,,,,,200.0,157.85217249840244,,,
d10df0c6775948d9b32ba3d79cfbab0a,2025-12-02 16:33:18.839000+00:00,2025-12-02 16:33:19.885000+00:00,FINISHED,numba_N75_t8,kernels_benchmark,/Shared/LSM-PoissonMPI,200,,,,1.0,,,,,,,,,75,,8,numba,0.0772400000000033,,,,,,,,200.0,1007.2941481097446,,,
565fd3e83f144c98b097eaf1e13a3363,2025-12-02 16:33:14.618000+00:00,2025-12-02 16:33:15.332000+00:00,FINISHED,numba_N75_t6,kernels_benchmark,/Shared/LSM-PoissonMPI,200,,,,1.0,,,,,,,,,75,,6,numba,0.07560800000000256,,,,,,,,200.0,1029.0366098825173,,,
2c946b151bcf4a91bf2aa67540aab786,2025-12-02 16:33:10.207000+00:00,2025-12-02 16:33:10.945000+00:00,FINISHED,numba_N75_t4,kernels_benchmark,/Shared/LSM-PoissonMPI,200,,,,1.0,,,,,,,,,75,,4,numba,0.07099100000000647,,,,,,,,200.0,1095.9614599032682,,,
c0c6819434ec4747bf3b100282807518,2025-12-02 16:33:05.723000+00:00,2025-12-02 16:33:06.752000+00:00,FINISHED,numba_N75_t1,kernels_benchmark,/Shared/LSM-PoissonMPI,200,,,,1.0,,,,,,,,,75,,1,numba,0.14946599999998966,,,,,,,,200.0,520.5424645070142,,,
bb1158bc483342eeb545d4e449214c0d,2025-12-02 16:33:00.831000+00:00,2025-12-02 16:33:01.664000+00:00,FINISHED,numpy_N75_t8,kernels_benchmark,/Shared/LSM-PoissonMPI,200,,,,1.0,,,,,,,,,75,,8,numpy,0.46340800000000115,,,,,,,,200.0,167.89395090287567,,,
95fba702c352441cb0f997689dcc9fbb,2025-12-02 16:32:55.975000+00:00,2025-12-02 16:32:56.840000+00:00,FINISHED,numpy_N75_t6,kernels_benchmark,/Shared/LSM-PoissonMPI,200,,,,1.0,,,,,,,,,75,,6,numpy,0.4776080000000036,,,,,,,,200.0,162.9022126932535,,,
3404ef89c6014c549d17499c884a0166,2025-12-02 16:32:51.203000+00:00,2025-12-02 16:32:51.814000+00:00,FINISHED,numpy_N75_t4,kernels_benchmark,/Shared/LSM-PoissonMPI,200,,,,1.0,,,,,,,,,75,,4,numpy,0.468828000000002,,,,,,,,200.0,165.95297209210983,,,
45eaf6b16a6347f88ad2d25e4d9b3de4,2025-12-02 16:32:46.565000+00:00,2025-12-02 16:32:47.425000+00:00,FINISHED,numpy_N75_t1,kernels_benchmark,/Shared/LSM-PoissonMPI,200,,,,1.0,,,,,,,,,75,,1,numpy,0.48299799999999493,,,,,,,,200.0,161.08431090812138,,,
93f33bf8e5f34faf93d3a1181fc230cb,2025-12-02 16:32:41.780000+00:00,2025-12-02 16:32:42.715000+00:00,FINISHED,numba_N50_t8,kernels_benchmark,/Shared/LSM-PoissonMPI,200,,,,1.0,,,,,,,,,50,,8,numba,0.06143400000000554,,,,,,,,200.0,360.0351596835304,,,
c326552c59944577982b09a8415004c5,2025-12-02 16:32:37.394000+00:00,2025-12-02 16:32:38.305000+00:00,FINISHED,numba_N50_t6,kernels_benchmark,/Shared/LSM-PoissonMPI,200,,,,1.0,,,,,,,,,50,,6,numba,0.03783500000000117,,,,,,,,200.0,584.6015594026513,,,
af2e5143baa044659e57f34c44992d8d,2025-12-02 16:32:32.695000+00:00,2025-12-02 16:32:33.722000+00:00,FINISHED,numba_N50_t4,kernels_benchmark,/Shared/LSM-PoissonMPI,200,,,,1.0,,,,,,,,,50,,4,numba,0.054200999999999055,,,,,,,,200.0,408.0810317152891,,,
f229d5ffbd924dbda10148a9556a916d,2025-12-02 16:32:28.222000+00:00,2025-12-02 16:32:29.003000+00:00,FINISHED,numba_N50_t1,kernels_benchmark,/Shared/LSM-PoissonMPI,200,,,,1.0,,,,,,,,,50,,1,numba,0.07023099999999971,,,,,,,,200.0,314.93784795887984,,,
912937d7c7e94504b1ade670534a1495,2025-12-02 16:32:23.999000+00:00,2025-12-02 16:32:24.691000+00:00,FINISHED,numpy_N50_t8,kernels_benchmark,/Shared/LSM-PoissonMPI,200,,,,1.0,,,,,,,,,50,,8,numpy,0.1335380000000015,,,,,,,,200.0,165.6337521903859,,,
a1ac56289c1c445db58955c0b3581ed6,2025-12-02 16:32:19.733000+00:00,2025-12-02 16:32:20.614000+00:00,FINISHED,numpy_N50_t6,kernels_benchmark,/Shared/LSM-PoissonMPI,200,,,,1.0,,,,,,,,,50,,6,numpy,0.1010830000000027,,,,,,,,200.0,218.81424176171473,,,
31dbed25698541e18b9528fb4c2628db,2025-12-02 16:32:14.850000+00:00,2025-12-02 16:32:15.653000+00:00,FINISHED,numpy_N50_t4,kernels_benchmark,/Shared/LSM-PoissonMPI,200,,,,1.0,,,,,,,,,50,,4,numpy,0.1384880000000024,,,,,,,,200.0,159.7134769799522,,,
a597ef8af74147d2a1a2974de93ff25f,2025-12-02 16:32:09.818000+00:00,2025-12-02 16:32:10.741000+00:00,FINISHED,numpy_N50_t1,kernels_benchmark,/Shared/LSM-PoissonMPI,200,,,,1.0,,,,,,,,,50,,1,numpy,0.12924800000000403,,,,,,,,200.0,171.13146818518902,,,
f922d844e96d4249becbe2f0d1086166,2025-12-02 16:32:05.120000+00:00,2025-12-02 16:32:06.260000+00:00,FINISHED,numba_N25_t8,kernels_benchmark,/Shared/LSM-PoissonMPI,200,,,,1.0,,,,,,,,,25,,8,numba,0.04070999999999714,,,,,,,,200.0,59.77401129943922,,,
89fad905b27241ae8edc961d39fc3c54,2025-12-02 16:32:00.494000+00:00,2025-12-02 16:32:01.524000+00:00,FINISHED,numba_N25_t6,kernels_benchmark,/Shared/LSM-PoissonMPI,200,,,,1.0,,,,,,,,,25,,6,numba,0.03643499999999733,,,,,,,,200.0,66.78742966927895,,,
f0f0dd711146441b8a7e0e1f702507be,2025-12-02 16:31:55.699000+00:00,2025-12-02 16:31:56.838000+00:00,FINISHED,numba_N25_t4,kernels_benchmark,/Shared/LSM-PoissonMPI,200,,,,1.0,,,,,,,,,25,,4,numba,0.03430900000000037,,,,,,,,200.0,70.92599609431852,,,
835a65d7853d461289e2d6c24eb998b7,2025-12-02 16:31:51.085000+00:00,2025-12-02 16:31:51.895000+00:00,FINISHED,numba_N25_t1,kernels_benchmark,/Shared/LSM-PoissonMPI,200,,,,1.0,,,,,,,,,25,,1,numba,0.018396000000002743,,,,,,,,200.0,132.27875625133927,,,
63f7e5483cb341d8a2721177e4bc29cd,2025-12-02 16:31:45.534000+00:00,2025-12-02 16:31:46.395000+00:00,FINISHED,numpy_N25_t8,kernels_benchmark,/Shared/LSM-PoissonMPI,200,,,,1.0,,,,,,,,,25,,8,numpy,0.030132000000001824,,,,,,,,200.0,80.7579981415058,,,
d8aad9d23b934c57b934b737cf64a8ab,2025-12-02 16:31:40.942000+00:00,2025-12-02 16:31:41.857000+00:00,FINISHED,numpy_N25_t6,kernels_benchmark,/Shared/LSM-PoissonMPI,200,,,,1.0,,,,,,,,,25,,6,numpy,0.037972999999999146,,,,,,,,200.0,64.08237431859622,,,
adc0590afbd0419788a31e02b53a9b71,2025-12-02 16:31:36.414000+00:00,2025-12-02 16:31:37.173000+00:00,FINISHED,numpy_N25_t4,kernels_benchmark,/Shared/LSM-PoissonMPI,200,,,,1.0,,,,,,,,,25,,4,numpy,0.03804799999999986,,,,,,,,200.0,63.956055508831184,,,
b30e4ce861e44ec6870ecbfd1bcf0aa0,2025-12-02 16:31:31.858000+00:00,2025-12-02 16:31:32.673000+00:00,FINISHED,numpy_N25_t1,kernels_benchmark,/Shared/LSM-PoissonMPI,200,,,,1.0,,,,,,,,,25,,1,numpy,0.03480099999999986,,,,,,,,200.0,69.9232780667225,,,
6b5dc8f578744276a4a236d515a65cb2,2025-12-02 16:28:40.539000+00:00,2025-12-02 16:28:43.612000+00:00,FINISHED,numpy_N25_t1,kernels_convergence,/Shared/LSM-PoissonMPI,5000,,,,1.0,,,,,,,,,25,,1,numpy,0.46073699999999995,2.3803181647963356e-13,,,,,,,5000.0,132.03845143758807,,2.3803181647963356e-13,
6bf691cbbe42435ebda0fe0d898edaa6,2025-12-02 16:20:16.858000+00:00,2025-12-02 16:20:19.765000+00:00,FINISHED,numba_N25_t4,kernels_convergence,/Shared/LSM-PoissonMPI,5000,,,,1.0,,,,,,,,,25,,4,numba,0.5230929999999994,2.3803181647963356e-13,,,,,,,5000.0,116.29863140971122,,2.3803181647963356e-13,
a12889249eee43709a1a8f9f2c256406,2025-12-02 16:20:08.676000+00:00,2025-12-02 16:20:11.574000+00:00,FINISHED,numpy_N25_t4,kernels_convergence,/Shared/LSM-PoissonMPI,5000,,,,1.0,,,,,,,,,25,,4,numpy,0.40521399999999996,2.3803181647963356e-13,,,,,,,5000.0,150.13054830287209,,2.3803181647963356e-13,
36aa41ee79d045ee8d526ae909b4bfb4,2025-12-01 23:01:55.376000+00:00,2025-12-01 23:01:57.327000+00:00,FINISHED,Kernel-Compute-Data,Experiment-01-Kernels,/Shared/LSM-PoissonMPI,,,,,,,,,,,,,,,,,,,,,,,,,,,,,,
626150524b134ab8a5777308a7c02aef,2025-12-01 18:19:48.839000+00:00,2025-12-01 18:19:50.833000+00:00,FINISHED,Kernel-Compute-Data,Experiment-01-Kernels,/Shared/LSM-PoissonMPI,,,,,,,,,,,,,,,,,,,,,,,,,,,,,,
