run_id,start_time,end_time,status,mlflow.runName,source_experiment,source_prefix,max_iter,n_smooth,experiment_name,communicator,omega,use_numba,tolerance,fmg_post_vcycles,n_ranks,specified_numba_threads,environment,solver,strategy,N,ranks,problem_sizes,iterations,wall_time,residual_history,total_compute_time,total_halo_time,final_error,final_alg_error,observed_numba_threads,converged,iterations,mlups,bandwidth_gb_s,final_residual
f62850d720754172856e87da4c4a5ed9,2025-12-03 18:58:09.500000+00:00,2025-12-03 18:58:11.535000+00:00,FINISHED,jacobi_N1010_p24,comm_spread,/Shared/LSM-PoissonMPI-v3,200,3,comm_spread,custom,0.8,1,0.0,1,24,1,hpc,jacobi,cubic,1010,,,,131.146744207,1.7108306590309108e-10,36.2288315979999,2.383461873000125,0.9969025999569566,10.417889350228005,1.0,0.0,200.0,1561.9030700196874,99.96179648126001,1.7108306590309108e-10
bf7fbd923b0f43be9f1da72f2b4699bb,2025-12-03 18:55:30.639000+00:00,2025-12-03 18:55:32.589000+00:00,FINISHED,jacobi_N1010_p24,comm_spread,/Shared/LSM-PoissonMPI-v3,200,3,comm_spread,numpy,0.8,1,0.0,1,24,1,hpc,jacobi,cubic,1010,,,,127.377304963,1.7108306590309108e-10,36.20907938700003,3.8284128209999757,0.9969025999569566,10.417889350228005,1.0,0.0,200.0,1608.1240096852464,102.91993661985578,1.7108306590309108e-10
53a677fe0e964dbc9ba5eeda3a531716,2025-12-03 18:52:56.090000+00:00,2025-12-03 18:52:57.948000+00:00,FINISHED,jacobi_N1010_p24,comm_spread,/Shared/LSM-PoissonMPI-v3,200,3,comm_spread,custom,0.8,1,0.0,1,24,1,hpc,jacobi,sliced,1010,,,,131.95930476,1.7108306590309108e-10,45.88452919099999,1.4478059290000087,0.9969025999569566,10.335747508405294,1.0,0.0,200.0,1552.285401719481,99.34626571004677,1.7108306590309108e-10
63bc42d56b3249cc8484fb0200706365,2025-12-03 18:50:18.270000+00:00,2025-12-03 18:50:20.221000+00:00,FINISHED,jacobi_N1010_p24,comm_spread,/Shared/LSM-PoissonMPI-v3,200,3,comm_spread,numpy,0.8,1,0.0,1,24,1,hpc,jacobi,sliced,1010,,,,134.318918004,1.7108306590309108e-10,45.8095397430001,3.674698165999874,0.9969025999569566,10.335747508405294,1.0,0.0,200.0,1525.0160248752147,97.60102559201374,1.7108306590309108e-10
c5da20cf45f040288059f4be68235344,2025-12-03 18:47:36.546000+00:00,2025-12-03 18:47:38.623000+00:00,FINISHED,jacobi_N506_p24,comm_spread,/Shared/LSM-PoissonMPI-v3,200,3,comm_spread,custom,0.8,1,0.0,1,24,1,hpc,jacobi,cubic,506,,,,17.248500229,1.916839957624585e-09,4.366050870000002,0.621743337999983,0.9876918168049779,10.303791112842218,1.0,0.0,200.0,1484.4660382095415,95.00582644541066,1.916839957624585e-09
73e1605a42344f6687a81b0ea4b82ac7,2025-12-03 18:46:59.818000+00:00,2025-12-03 18:47:01.552000+00:00,FINISHED,jacobi_N506_p24,comm_spread,/Shared/LSM-PoissonMPI-v3,200,3,comm_spread,numpy,0.8,1,0.0,1,24,1,hpc,jacobi,cubic,506,,,,16.226550249,1.916839957624585e-09,4.3839166380000005,0.715171881999997,0.9876918168049779,10.303791112842218,1.0,0.0,200.0,1577.9578781126297,100.9893041992083,1.916839957624585e-09
b1c3e66f4dac4252b53b13c2467e8641,2025-12-03 18:46:24.735000+00:00,2025-12-03 18:46:26.466000+00:00,FINISHED,jacobi_N506_p24,comm_spread,/Shared/LSM-PoissonMPI-v3,200,3,comm_spread,custom,0.8,1,0.0,1,24,1,hpc,jacobi,sliced,506,,,,17.289486255,1.916839957624585e-09,5.757367203000014,0.3421101939999985,0.9876918168049778,10.139428611636582,1.0,0.0,200.0,1480.9469999489006,94.78060799672963,1.916839957624585e-09
37aec2716f6b4d42b2d1a33dc416ea03,2025-12-03 18:45:48.156000+00:00,2025-12-03 18:45:49.959000+00:00,FINISHED,jacobi_N506_p24,comm_spread,/Shared/LSM-PoissonMPI-v3,200,3,comm_spread,numpy,0.8,1,0.0,1,24,1,hpc,jacobi,sliced,506,,,,18.216874676,1.916839957624585e-09,5.723396240999989,1.0238664119999892,0.9876918168049778,10.139428611636582,1.0,0.0,200.0,1405.5546439990233,89.95549721593748,1.916839957624585e-09
fa45ba54d0d7429d8be86a281946e2d4,2025-12-03 18:45:10.372000+00:00,2025-12-03 18:45:12.068000+00:00,FINISHED,jacobi_N254_p24,comm_spread,/Shared/LSM-PoissonMPI-v3,200,3,comm_spread,custom,0.8,1,0.0,1,24,1,hpc,jacobi,cubic,254,,,,2.591283659,2.088285628894616e-08,0.5482228560000002,0.18205080900000165,0.9518505573556877,9.895435757882455,1.0,0.0,200.0,1235.141351230973,79.04904647878227,2.088285628894616e-08
f0239445a7d94bf9856d9377a7a95d24,2025-12-03 18:44:49.158000+00:00,2025-12-03 18:44:50.856000+00:00,FINISHED,jacobi_N254_p24,comm_spread,/Shared/LSM-PoissonMPI-v3,200,3,comm_spread,numpy,0.8,1,0.0,1,24,1,hpc,jacobi,cubic,254,,,,2.550236987,2.088285628894616e-08,0.5485147979999991,0.1881881160000031,0.9518505573556877,9.895435757882455,1.0,0.0,200.0,1255.0212456000272,80.32135971840174,2.088285628894616e-08
d76938a234b6489295369a6e56d78d05,2025-12-03 18:44:28.096000+00:00,2025-12-03 18:44:29.774000+00:00,FINISHED,jacobi_N254_p24,comm_spread,/Shared/LSM-PoissonMPI-v3,200,3,comm_spread,custom,0.8,1,0.0,1,24,1,hpc,jacobi,sliced,254,,,,2.643474689,2.088285628894616e-08,0.6338158990000015,0.09351558199999763,0.9518505573556877,9.571232181571503,1.0,0.0,200.0,1210.7555307105117,77.48835396547275,2.088285628894616e-08
6c3a42cd00f14f049e40e57050479b56,2025-12-03 18:44:05.449000+00:00,2025-12-03 18:44:07.285000+00:00,FINISHED,jacobi_N254_p24,comm_spread,/Shared/LSM-PoissonMPI-v3,200,3,comm_spread,numpy,0.8,1,0.0,1,24,1,hpc,jacobi,sliced,254,,,,2.8645141020000002,2.088285628894616e-08,0.633838128999999,0.3077858270000001,0.9518505573556877,9.571232181571503,1.0,0.0,200.0,1117.3279257956328,71.50898725092051,2.088285628894616e-08
f0db0249a3fb44aaad4e1d21cbe1bd84,2025-12-03 18:43:44.108000+00:00,2025-12-03 18:43:45.786000+00:00,FINISHED,jacobi_N122_p24,comm_spread,/Shared/LSM-PoissonMPI-v3,200,3,comm_spread,custom,0.8,1,0.0,1,24,1,hpc,jacobi,cubic,122,,,,0.214828166,2.3697026230386924e-07,0.034262053999999945,0.053218218,0.8058671764247533,8.313677251119676,1.0,0.0,200.0,1608.727600458126,102.95856642932007,2.3697026230386924e-07
d5323a4a20104d99a53ce2b2c5898ac1,2025-12-03 18:43:27.522000+00:00,2025-12-03 18:43:29.279000+00:00,FINISHED,jacobi_N122_p24,comm_spread,/Shared/LSM-PoissonMPI-v3,200,3,comm_spread,numpy,0.8,1,0.0,1,24,1,hpc,jacobi,cubic,122,,,,0.19180510399999995,2.3697026230386924e-07,0.03569608899999962,0.055169100999999186,0.8058671764247533,8.313677251119676,1.0,0.0,200.0,1801.8290065941105,115.31705642202309,2.3697026230386924e-07
0cfc34822f814551bb594703a170993c,2025-12-03 18:43:09.311000+00:00,2025-12-03 18:43:11.064000+00:00,FINISHED,jacobi_N122_p24,comm_spread,/Shared/LSM-PoissonMPI-v3,200,3,comm_spread,custom,0.8,1,0.0,1,24,1,hpc,jacobi,sliced,122,,,,0.147847734,2.3697026230386924e-07,0.03262787300000003,0.02269160200000007,0.8058671764247534,7.7124902502365735,1.0,0.0,200.0,2337.5400532009508,149.60256340486083,2.3697026230386924e-07
1ae984c1265940c986c042d3bac4c6c9,2025-12-03 18:42:51.486000+00:00,2025-12-03 18:42:53.216000+00:00,FINISHED,jacobi_N122_p24,comm_spread,/Shared/LSM-PoissonMPI-v3,200,3,comm_spread,numpy,0.8,1,0.0,1,24,1,hpc,jacobi,sliced,122,,,,0.17817130000000003,2.3697026230386924e-07,0.03268872300000032,0.056025597000000496,0.8058671764247534,7.7124902502365735,1.0,0.0,200.0,1939.7063387874473,124.14120568239665,2.3697026230386924e-07
b55a688ee04c4b30b813c60f4cfedc77,2025-12-03 18:36:34.571000+00:00,2025-12-03 18:36:36.260000+00:00,FINISHED,jacobi_N122_p24,comm_spread,/Shared/LSM-PoissonMPI-v3,200,3,comm_spread,numpy,0.8,1,0.0,1,24,1,hpc,jacobi,cubic,122,,,,1.907674907,2.3697026230386924e-07,0.11305247500000068,0.6385940459999994,0.8058671764247533,8.313677251119676,1.0,0.0,200.0,181.16294276968227,11.594428337259668,2.3697026230386924e-07
fc3e67fc12dc460695a45a9a8da91f85,2025-12-03 18:36:32.803000+00:00,2025-12-03 18:36:34.536000+00:00,FINISHED,jacobi_N122_p24,comm_spread,/Shared/LSM-PoissonMPI-v3,200,3,comm_spread,numpy,0.8,1,0.0,1,24,1,hpc,jacobi,cubic,122,,,,5.500858576,2.3697026230386924e-07,0.14898464599999867,1.939627187000005,0.8058671764247533,8.313677251119676,1.0,0.0,200.0,62.82655611395599,4.020899591293183,2.3697026230386924e-07
bd5beff582434d6a884ed575676d84f5,2025-12-03 18:36:28.950000+00:00,2025-12-03 18:36:30.682000+00:00,FINISHED,jacobi_N122_p24,comm_spread,/Shared/LSM-PoissonMPI-v3,200,3,comm_spread,custom,0.8,1,0.0,1,24,1,hpc,jacobi,sliced,122,,,,6.4727770289999995,2.3697026230386924e-07,0.23917574299999217,0.5623852559999947,0.8058671764247533,7.7124902502365735,1.0,0.0,200.0,53.39284799269424,3.4171422715324313,2.3697026230386924e-07
1a8ed1a4af974943b0523055fc329f91,2025-12-03 18:36:28.892000+00:00,2025-12-03 18:36:30.606000+00:00,FINISHED,jacobi_N122_p24,comm_spread,/Shared/LSM-PoissonMPI-v3,200,3,comm_spread,custom,0.8,1,0.0,1,24,1,hpc,jacobi,sliced,122,,,,7.132870532,2.3697026230386924e-07,0.13532411400000616,0.8991679209999963,0.8058671764247533,7.7124902502365735,1.0,0.0,200.0,48.4517416164424,3.1009114634523134,2.3697026230386924e-07
00ffa21911854644a6d715310b4c0c9b,2025-12-03 18:36:23.337000+00:00,2025-12-03 18:36:25.212000+00:00,FINISHED,jacobi_N122_p24,comm_spread,/Shared/LSM-PoissonMPI-v3,200,3,comm_spread,custom,0.8,1,0.0,1,24,1,hpc,jacobi,sliced,122,,,,8.259309208,2.3697026230386924e-07,0.2565544770000026,1.1579886659999985,0.8058671764247533,7.7124902502365735,1.0,0.0,200.0,41.84369313419704,2.677996360588611,2.3697026230386924e-07
5e84ca65cdce4f0db928f06c9cf6e2b3,2025-12-03 18:36:08.750000+00:00,2025-12-03 18:36:10.483000+00:00,FINISHED,jacobi_N122_p24,comm_spread,/Shared/LSM-PoissonMPI-v3,200,3,comm_spread,custom,0.8,1,0.0,1,24,1,hpc,jacobi,sliced,122,,,,10.332835137,2.3697026230386924e-07,0.3599110420000044,0.924782185999997,0.8058671764247533,7.7124902502365735,1.0,0.0,200.0,33.446773844524955,2.1405935260495967,2.3697026230386924e-07
bd038560faed46bebb14159150b3caa5,2025-12-03 18:36:08.128000+00:00,2025-12-03 18:36:09.973000+00:00,FINISHED,jacobi_N122_p24,comm_spread,/Shared/LSM-PoissonMPI-v3,200,3,comm_spread,custom,0.8,1,0.0,1,24,1,hpc,jacobi,sliced,122,,,,10.051279139,2.3697026230386924e-07,0.3426025549999957,0.6117534319999973,0.8058671764247533,7.7124902502365735,1.0,0.0,200.0,34.38368343179689,2.200555739635001,2.3697026230386924e-07
91709071dec048d6aedcf046d5cec1ff,2025-12-03 18:35:44.852000+00:00,2025-12-03 18:35:46.594000+00:00,FINISHED,jacobi_N122_p24,comm_spread,/Shared/LSM-PoissonMPI-v3,200,3,comm_spread,custom,0.8,1,0.0,1,24,1,hpc,jacobi,sliced,122,,,,10.920084588,2.3697026230386924e-07,0.39678691900000446,1.0704930670000001,0.8058671764247533,7.7124902502365735,1.0,0.0,200.0,31.64810649724978,2.025478815823986,2.3697026230386924e-07
a5f8be4207564959b84d8053c34e9eaf,2025-12-03 18:35:42.241000+00:00,2025-12-03 18:35:44.380000+00:00,FINISHED,jacobi_N122_p24,comm_spread,/Shared/LSM-PoissonMPI-v3,200,3,comm_spread,custom,0.8,1,0.0,1,24,1,hpc,jacobi,sliced,122,,,,12.56681708,2.3697026230386924e-07,0.34956758299999086,1.0831490389999985,0.8058671764247533,7.7124902502365735,1.0,0.0,200.0,27.500997094166344,1.760063814026646,2.3697026230386924e-07
d5571e702a1845c28b9f1d9fb0aebdc3,2025-12-03 18:35:42.160000+00:00,2025-12-03 18:35:44.031000+00:00,FINISHED,jacobi_N122_p24,comm_spread,/Shared/LSM-PoissonMPI-v3,200,3,comm_spread,custom,0.8,1,0.0,1,24,1,hpc,jacobi,sliced,122,,,,12.528150532,2.3697026230386924e-07,0.34698609100001315,1.232916664999989,0.8058671764247533,7.7124902502365735,1.0,0.0,200.0,27.585875434466722,1.7654960278058702,2.3697026230386924e-07
583014d7d7364765a2b7eb06ded35af5,2025-12-03 18:35:14.757000+00:00,2025-12-03 18:35:16.495000+00:00,FINISHED,jacobi_N122_p24,comm_spread,/Shared/LSM-PoissonMPI-v3,200,3,comm_spread,custom,0.8,1,0.0,1,24,1,hpc,jacobi,sliced,122,,,,9.329554963,2.3697026230386924e-07,0.2916339879999949,1.190843939999996,0.8058671764247533,7.7124902502365735,1.0,0.0,200.0,37.04356760538011,2.370788326744327,2.3697026230386924e-07
10efab179aa04a8da41cc49704bbad13,2025-12-03 18:35:13.535000+00:00,2025-12-03 18:35:15.348000+00:00,FINISHED,jacobi_N122_p24,comm_spread,/Shared/LSM-PoissonMPI-v3,200,3,comm_spread,custom,0.8,1,0.0,1,24,1,hpc,jacobi,sliced,122,,,,8.835656144,2.3697026230386924e-07,0.26393327000000333,1.1940369009999992,0.8058671764247533,7.7124902502365735,1.0,0.0,200.0,39.11424283239966,2.503311541273578,2.3697026230386924e-07
6bf6a10a9556415fb2b3eecd486e5c5d,2025-12-03 18:34:53.653000+00:00,2025-12-03 18:34:55.340000+00:00,FINISHED,jacobi_N122_p24,comm_spread,/Shared/LSM-PoissonMPI-v3,200,3,comm_spread,custom,0.8,1,0.0,1,24,1,hpc,jacobi,sliced,122,,,,6.571407659,2.3697026230386924e-07,0.2407115229999986,0.3357353679999995,0.8058671764247533,7.7124902502365735,1.0,0.0,200.0,52.591471711038466,3.3658541895064618,2.3697026230386924e-07
5bcb82c323bc4ba6a0758df2bd395c7d,2025-12-03 18:34:48.547000+00:00,2025-12-03 18:34:50.305000+00:00,FINISHED,jacobi_N122_p24,comm_spread,/Shared/LSM-PoissonMPI-v3,200,3,comm_spread,custom,0.8,1,0.0,1,24,1,hpc,jacobi,sliced,122,,,,7.584279948,2.3697026230386924e-07,0.2736323300000032,0.904434507000005,0.8058671764247533,7.7124902502365735,1.0,0.0,200.0,45.56793820501522,2.916348045120974,2.3697026230386924e-07
d3070fe8ff7a4049994e51aa66a0d079,2025-12-03 18:34:35.652000+00:00,2025-12-03 18:34:37.466000+00:00,FINISHED,jacobi_N122_p24,comm_spread,/Shared/LSM-PoissonMPI-v3,200,3,comm_spread,custom,0.8,1,0.0,1,24,1,hpc,jacobi,sliced,122,,,,5.003726389,2.3697026230386924e-07,0.3299760769999984,0.32669200400000026,0.8058671764247533,7.7124902502365735,1.0,0.0,200.0,69.06852476181628,4.420385584756241,2.3697026230386924e-07
f10b4e71167e46f799f89e06682ec6ff,2025-12-03 18:34:29.664000+00:00,2025-12-03 18:34:31.416000+00:00,FINISHED,jacobi_N122_p24,comm_spread,/Shared/LSM-PoissonMPI-v3,200,3,comm_spread,custom,0.8,1,0.0,1,24,1,hpc,jacobi,sliced,122,,,,7.313244217,2.3697026230386924e-07,0.23271655499999377,0.9506734919999973,0.8058671764247533,7.7124902502365735,1.0,0.0,200.0,47.256728989937955,3.024430655356029,2.3697026230386924e-07
f4845789c559442e94625d021789421b,2025-12-03 18:34:18.026000+00:00,2025-12-03 18:34:19.926000+00:00,FINISHED,jacobi_N122_p24,comm_spread,/Shared/LSM-PoissonMPI-v3,200,3,comm_spread,custom,0.8,1,0.0,1,24,1,hpc,jacobi,sliced,122,,,,5.605731221,2.3697026230386924e-07,0.34623149899999695,0.5259418889999953,0.8058671764247533,7.7124902502365735,1.0,0.0,200.0,61.65118989389377,3.9456761532092015,2.3697026230386924e-07
144b7f7c38694521b20d340ccb7266f9,2025-12-03 18:34:08.500000+00:00,2025-12-03 18:34:10.303000+00:00,FINISHED,jacobi_N122_p24,comm_spread,/Shared/LSM-PoissonMPI-v3,200,3,comm_spread,custom,0.8,1,0.0,1,24,1,hpc,jacobi,sliced,122,,,,4.510941994,2.3697026230386924e-07,0.37081856199999863,0.6547434419999963,0.8058671764247533,7.7124902502365735,1.0,0.0,200.0,76.61370961091548,4.90327741509859,2.3697026230386924e-07
425107e4a0d9434591ba81c818779664,2025-12-03 18:34:00.581000+00:00,2025-12-03 18:34:02.356000+00:00,FINISHED,jacobi_N122_p24,comm_spread,/Shared/LSM-PoissonMPI-v3,200,3,comm_spread,custom,0.8,1,0.0,1,24,1,hpc,jacobi,sliced,122,,,,8.449833117,2.3697026230386924e-07,0.33878429000000837,0.7294350010000028,0.8058671764247533,7.7124902502365735,1.0,0.0,200.0,40.9002160415093,2.6176138266565956,2.3697026230386924e-07
a0b2cf931f894f8b9d7b46a030012c23,2025-12-03 18:33:55.612000+00:00,2025-12-03 18:33:57.383000+00:00,FINISHED,jacobi_N122_p24,comm_spread,/Shared/LSM-PoissonMPI-v3,200,3,comm_spread,custom,0.8,1,0.0,1,24,1,hpc,jacobi,sliced,122,,,,7.885470141,2.3697026230386924e-07,0.3559561139999977,0.5649347870000008,0.8058671764247533,7.7124902502365735,1.0,0.0,200.0,43.827443870857465,2.8049564077348776,2.3697026230386924e-07
cbe9649fa8ad456c8dada244115bbab0,2025-12-03 18:33:38.146000+00:00,2025-12-03 18:33:39.885000+00:00,FINISHED,jacobi_N122_p24,comm_spread,/Shared/LSM-PoissonMPI-v3,200,3,comm_spread,custom,0.8,1,0.0,1,24,1,hpc,jacobi,sliced,122,,,,14.311063098,2.3697026230386924e-07,0.42219577700000666,1.812457326999989,0.8058671764247533,7.7124902502365735,1.0,0.0,200.0,24.14914934225245,1.5455455579041568,2.3697026230386924e-07
cc290c08bbb749f99ad78020f23742b1,2025-12-03 18:33:34.397000+00:00,2025-12-03 18:33:36.225000+00:00,FINISHED,jacobi_N122_p24,comm_spread,/Shared/LSM-PoissonMPI-v3,200,3,comm_spread,custom,0.8,1,0.0,1,24,1,hpc,jacobi,sliced,122,,,,14.124721274,2.3697026230386924e-07,0.39107106299999816,1.8087168180000013,0.8058671764247533,7.7124902502365735,1.0,0.0,200.0,24.467739454523695,1.5659353250895165,2.3697026230386924e-07
823d5b1a858b458aac644f4c2ffb0f88,2025-12-03 18:33:31.112000+00:00,2025-12-03 18:33:32.886000+00:00,FINISHED,jacobi_N122_p24,comm_spread,/Shared/LSM-PoissonMPI-v3,200,3,comm_spread,custom,0.8,1,0.0,1,24,1,hpc,jacobi,sliced,122,,,,13.665033629,2.3697026230386924e-07,0.37768848999998855,1.1589540510000096,0.8058671764247533,7.7124902502365735,1.0,0.0,200.0,25.290826893141777,1.6186129211610738,2.3697026230386924e-07
d37edb57efb24679ade85f8e87a77338,2025-12-03 18:33:26.799000+00:00,2025-12-03 18:33:28.621000+00:00,FINISHED,jacobi_N122_p24,comm_spread,/Shared/LSM-PoissonMPI-v3,200,3,comm_spread,custom,0.8,1,0.0,1,24,1,hpc,jacobi,sliced,122,,,,11.960761254,2.3697026230386924e-07,0.34955064900000443,0.9914535680000032,0.8058671764247533,7.7124902502365735,1.0,0.0,200.0,28.89448193645886,1.849246843933367,2.3697026230386924e-07
d1ad71442f62459bb517831f4ef91a7d,2025-12-03 18:32:47.290000+00:00,2025-12-03 18:32:49.016000+00:00,FINISHED,jacobi_N122_p24,comm_spread,/Shared/LSM-PoissonMPI-v3,200,3,comm_spread,custom,0.8,1,0.0,1,24,1,hpc,jacobi,sliced,122,,,,2.156521035,2.3697026230386924e-07,0.16567452299999957,0.20397769199999885,0.8058671764247533,7.7124902502365735,1.0,0.0,200.0,160.2581168423428,10.256519477909938,2.3697026230386924e-07
1b4c1774892647ef8aabb6ad3c28b8d6,2025-12-03 18:32:36.965000+00:00,2025-12-03 18:32:38.958000+00:00,FINISHED,jacobi_N122_p24,comm_spread,/Shared/LSM-PoissonMPI-v3,200,3,comm_spread,custom,0.8,1,0.0,1,24,1,hpc,jacobi,sliced,122,,,,5.703084912,2.3697026230386924e-07,0.20579881300000527,0.4181887670000003,0.8058671764247533,7.7124902502365735,1.0,0.0,200.0,60.598782121026225,3.878322055745678,2.3697026230386924e-07
cb8ad4a1174f44578e4380c37ee438bb,2025-12-03 18:30:56.809000+00:00,2025-12-03 18:30:58.514000+00:00,FINISHED,jacobi_N122_p24,comm_spread,/Shared/LSM-PoissonMPI-v3,200,3,comm_spread,numpy,0.8,1,0.0,1,24,1,hpc,jacobi,sliced,122,,,,49.593213689,2.3697026230386924e-07,0.11335105999996714,10.714867599999987,0.8058671764247533,7.7124902502365735,1.0,0.0,200.0,6.9686953978676245,0.445996505463528,2.3697026230386924e-07
06969396560447988b79b16b18ae4604,2025-12-03 18:30:56.575000+00:00,2025-12-03 18:30:58.314000+00:00,FINISHED,jacobi_N122_p24,comm_spread,/Shared/LSM-PoissonMPI-v3,200,3,comm_spread,numpy,0.8,1,0.0,1,24,1,hpc,jacobi,sliced,122,,,,49.506086007,2.3697026230386924e-07,0.12085583500002031,9.894458679999994,0.8058671764247533,7.7124902502365735,1.0,0.0,200.0,6.98095987534004,0.4467814320217625,2.3697026230386924e-07
a36aa07c0eb4430c99635584dc1aa72d,2025-12-03 18:30:56.492000+00:00,2025-12-03 18:30:58.233000+00:00,FINISHED,jacobi_N122_p24,comm_spread,/Shared/LSM-PoissonMPI-v3,200,3,comm_spread,numpy,0.8,1,0.0,1,24,1,hpc,jacobi,sliced,122,,,,49.743896248,2.3697026230386924e-07,0.12194070600001737,10.12956899500002,0.8058671764247533,7.7124902502365735,1.0,0.0,200.0,6.947586057131486,0.44464550765641503,2.3697026230386924e-07
4cd1d69069684932b9edc872287bde58,2025-12-03 18:30:56.412000+00:00,2025-12-03 18:30:58.111000+00:00,FINISHED,jacobi_N122_p24,comm_spread,/Shared/LSM-PoissonMPI-v3,200,3,comm_spread,numpy,0.8,1,0.0,1,24,1,hpc,jacobi,sliced,122,,,,49.255072464,2.3697026230386924e-07,0.06548259999997401,11.14634371899997,0.8058671764247533,7.7124902502365735,1.0,0.0,200.0,7.016536220763766,0.44905831812888103,2.3697026230386924e-07
d5621bb7c62840bba81595b762f47b47,2025-12-03 18:30:56.322000+00:00,2025-12-03 18:30:58.059000+00:00,FINISHED,jacobi_N122_p24,comm_spread,/Shared/LSM-PoissonMPI-v3,200,3,comm_spread,numpy,0.8,1,0.0,1,24,1,hpc,jacobi,sliced,122,,,,50.695255695,2.3697026230386924e-07,0.1235961479999674,10.317575455999975,0.8058671764247533,7.7124902502365735,1.0,0.0,200.0,6.8172059744455735,0.4363011823645167,2.3697026230386924e-07
3996e36288e542dea05c52a3458172be,2025-12-03 18:30:55.897000+00:00,2025-12-03 18:30:57.650000+00:00,FINISHED,jacobi_N122_p24,comm_spread,/Shared/LSM-PoissonMPI-v3,200,3,comm_spread,numpy,0.8,1,0.0,1,24,1,hpc,jacobi,sliced,122,,,,50.225064999,2.3697026230386924e-07,0.07130116800003586,9.864234671000046,0.8058671764247533,7.7124902502365735,1.0,0.0,200.0,6.8810264358419655,0.44038569189388577,2.3697026230386924e-07
19989b8160e349869df869ac9ee6786d,2025-12-03 18:30:49.284000+00:00,2025-12-03 18:30:51.078000+00:00,FINISHED,jacobi_N122_p24,comm_spread,/Shared/LSM-PoissonMPI-v3,200,3,comm_spread,numpy,0.8,1,0.0,1,24,1,hpc,jacobi,sliced,122,,,,54.759425919,2.3697026230386924e-07,0.1163610579999963,11.70678615900005,0.8058671764247533,7.7124902502365735,1.0,0.0,200.0,6.311242205336678,0.4039195011415474,2.3697026230386924e-07
7fa118aefb994d8981bb1a3a0594d60d,2025-12-03 18:30:49.187000+00:00,2025-12-03 18:30:50.974000+00:00,FINISHED,jacobi_N122_p24,comm_spread,/Shared/LSM-PoissonMPI-v3,200,3,comm_spread,numpy,0.8,1,0.0,1,24,1,hpc,jacobi,sliced,122,,,,54.393244716,2.3697026230386924e-07,0.06262088599998505,12.506069149999995,0.8058671764247533,7.7124902502365735,1.0,0.0,200.0,6.353730170069085,0.4066387308844214,2.3697026230386924e-07
6d26743c783f46d98a62623490f8ca30,2025-12-03 18:30:47.937000+00:00,2025-12-03 18:30:49.705000+00:00,FINISHED,jacobi_N122_p24,comm_spread,/Shared/LSM-PoissonMPI-v3,200,3,comm_spread,numpy,0.8,1,0.0,1,24,1,hpc,jacobi,sliced,122,,,,54.739999422,2.3697026230386924e-07,0.05948570299998157,12.539225956000038,0.8058671764247533,7.7124902502365735,1.0,0.0,200.0,6.313481981169028,0.4040628467948178,2.3697026230386924e-07
c1cbb9f56ce24932a77c33a2dc71dd9e,2025-12-03 18:30:47.803000+00:00,2025-12-03 18:30:49.651000+00:00,FINISHED,jacobi_N122_p24,comm_spread,/Shared/LSM-PoissonMPI-v3,200,3,comm_spread,numpy,0.8,1,0.0,1,24,1,hpc,jacobi,sliced,122,,,,55.123054157,2.3697026230386924e-07,0.05885888800006869,11.873298262000013,0.8058671764247533,7.7124902502365735,1.0,0.0,200.0,6.269609064397473,0.4012549801214383,2.3697026230386924e-07
dcd21c3ddcbc48258f58639bcacb542e,2025-12-03 18:30:38.363000+00:00,2025-12-03 18:30:40.101000+00:00,FINISHED,jacobi_N122_p24,comm_spread,/Shared/LSM-PoissonMPI-v3,200,3,comm_spread,numpy,0.8,1,0.0,1,24,1,hpc,jacobi,sliced,122,,,,56.37281578,2.3697026230386924e-07,0.12568543099996776,13.102937978999988,0.8058671764247533,7.7124902502365735,1.0,0.0,200.0,6.13061446759614,0.39235932592615297,2.3697026230386924e-07
d30d6a8793ce4657aff465573830c4d4,2025-12-03 18:30:37.016000+00:00,2025-12-03 18:30:38.796000+00:00,FINISHED,jacobi_N122_p24,comm_spread,/Shared/LSM-PoissonMPI-v3,200,3,comm_spread,numpy,0.8,1,0.0,1,24,1,hpc,jacobi,sliced,122,,,,56.669925856,2.3697026230386924e-07,0.21571017600002632,11.677809526000047,0.8058671764247533,7.7124902502365735,1.0,0.0,200.0,6.098472775104384,0.3903022576066806,2.3697026230386924e-07
83998401b21d4482a10255c7498bd7c9,2025-12-03 18:30:36.204000+00:00,2025-12-03 18:30:38.168000+00:00,FINISHED,jacobi_N122_p24,comm_spread,/Shared/LSM-PoissonMPI-v3,200,3,comm_spread,numpy,0.8,1,0.0,1,24,1,hpc,jacobi,sliced,122,,,,56.676081503,2.3697026230386924e-07,0.05798785199996906,12.331621726999996,0.8058671764247533,7.7124902502365735,1.0,0.0,200.0,6.097810413758166,0.39025986648052263,2.3697026230386924e-07
87b39ae35d614df8ba8548a3246ed4c3,2025-12-03 18:30:35.144000+00:00,2025-12-03 18:30:36.948000+00:00,FINISHED,jacobi_N122_p24,comm_spread,/Shared/LSM-PoissonMPI-v3,200,3,comm_spread,numpy,0.8,1,0.0,1,24,1,hpc,jacobi,sliced,122,,,,56.376059608,2.3697026230386924e-07,0.13914413500001496,11.59061606000001,0.8058671764247533,7.7124902502365735,1.0,0.0,200.0,6.130261717528018,0.3923367499217931,2.3697026230386924e-07
16ea6f93c16e40138b7d5658e3ba81ae,2025-12-03 18:30:16.876000+00:00,2025-12-03 18:30:18.767000+00:00,FINISHED,jacobi_N122_p24,comm_spread,/Shared/LSM-PoissonMPI-v3,200,3,comm_spread,numpy,0.8,1,0.0,1,24,1,hpc,jacobi,sliced,122,,,,54.633051699,2.3697026230386924e-07,0.18670018499999094,11.219002442999939,0.8058671764247533,7.7124902502365735,1.0,0.0,200.0,6.325841029420764,0.4048538258829289,2.3697026230386924e-07
fe4878308e1f4a55993d1e420482d5e6,2025-12-03 18:26:23.887000+00:00,2025-12-03 18:26:25.617000+00:00,FINISHED,jacobi_N122_p24,comm_spread,/Shared/LSM-PoissonMPI-v3,200,3,comm_spread,numpy,0.8,1,0.0,1,24,1,hpc,jacobi,sliced,122,,,,2.987599587,2.3697026230386924e-07,0.1459295629999989,0.10866927099999832,0.8058671764247533,7.7124902502365735,1.0,0.0,200.0,115.67815228781528,7.403401746420177,2.3697026230386924e-07
1d73557dc5a049c0b04d9f6b3a0c5a54,2025-12-03 18:26:11.411000+00:00,2025-12-03 18:26:13.302000+00:00,FINISHED,jacobi_N122_p24,comm_spread,/Shared/LSM-PoissonMPI-v3,200,3,comm_spread,numpy,0.8,1,0.0,1,24,1,hpc,jacobi,sliced,122,,,,4.600223607,2.3697026230386924e-07,0.13806111100000334,0.14940687099999664,0.8058671764247533,7.7124902502365735,1.0,0.0,200.0,75.12678285336229,4.808114102615186,2.3697026230386924e-07
f94928366cc44c77bbbfaff631d6242b,2025-12-03 19:04:30.884000+00:00,2025-12-03 19:04:33.248000+00:00,FINISHED,jacobi_N1010_p24,comm_compact,/Shared/LSM-PoissonMPI-v3,200,3,comm_compact,custom,0.8,1,0.0,1,24,1,hpc,jacobi,cubic,1010,,,,211.401447303,1.7108306590309108e-10,69.89755374800015,3.3641163220001924,0.9969025999569566,10.417889350228005,1.0,0.0,200.0,968.9550616292925,62.013123944274724,1.7108306590309108e-10
262acd8d8ef94eef864da7013750c995,2025-12-03 19:00:19.736000+00:00,2025-12-03 19:00:21.796000+00:00,FINISHED,jacobi_N1010_p24,comm_compact,/Shared/LSM-PoissonMPI-v3,200,3,comm_compact,numpy,0.8,1,0.0,1,24,1,hpc,jacobi,cubic,1010,,,,209.740086984,1.7108306590309108e-10,76.51037463900002,4.226461138999927,0.9969025999569566,10.417889350228005,1.0,0.0,200.0,976.630196666344,62.50433258664601,1.7108306590309108e-10
5a75494c72e043ae9f7e4ab00406d1c5,2025-12-03 18:56:20.072000+00:00,2025-12-03 18:56:22.243000+00:00,FINISHED,jacobi_N1010_p24,comm_compact,/Shared/LSM-PoissonMPI-v3,200,3,comm_compact,custom,0.8,1,0.0,1,24,1,hpc,jacobi,sliced,1010,,,,210.091469505,1.7108306590309108e-10,80.48104835600014,2.5741696009998885,0.9969025999569566,10.335747508405294,1.0,0.0,200.0,974.9967615659189,62.39979274021881,1.7108306590309108e-10
3ebdb3e975a541008d5bc3b311dbed07,2025-12-03 18:52:18.475000+00:00,2025-12-03 18:52:20.789000+00:00,FINISHED,jacobi_N1010_p24,comm_compact,/Shared/LSM-PoissonMPI-v3,200,3,comm_compact,numpy,0.8,1,0.0,1,24,1,hpc,jacobi,sliced,1010,,,,212.620431059,1.7108306590309108e-10,80.49515691000003,5.188246395999879,0.9969025999569566,10.335747508405294,1.0,0.0,200.0,963.3999017862936,61.657593714322786,1.7108306590309108e-10
d7b77791d0a74f19be98bddcb5ef79b6,2025-12-03 18:48:17.176000+00:00,2025-12-03 18:48:19.060000+00:00,FINISHED,jacobi_N506_p24,comm_compact,/Shared/LSM-PoissonMPI-v3,200,3,comm_compact,custom,0.8,1,0.0,1,24,1,hpc,jacobi,cubic,506,,,,24.893739653,1.916839957624585e-09,6.280874247,0.7703023709999788,0.9876918168049779,10.303791112842218,1.0,0.0,200.0,1028.5643361307632,65.82811751236885,1.916839957624585e-09
8bca540dcb9b4a30b728cd3225d7dfb7,2025-12-03 18:47:31.687000+00:00,2025-12-03 18:47:33.426000+00:00,FINISHED,jacobi_N506_p24,comm_compact,/Shared/LSM-PoissonMPI-v3,200,3,comm_compact,numpy,0.8,1,0.0,1,24,1,hpc,jacobi,cubic,506,,,,24.054762375,1.916839957624585e-09,7.256475788999995,0.8190955169999967,0.9876918168049779,10.303791112842218,1.0,0.0,200.0,1064.438401046562,68.12405766697997,1.916839957624585e-09
1ac731a1bd5e451396eaf40ba5416ece,2025-12-03 18:46:48.643000+00:00,2025-12-03 18:46:50.478000+00:00,FINISHED,jacobi_N506_p24,comm_compact,/Shared/LSM-PoissonMPI-v3,200,3,comm_compact,custom,0.8,1,0.0,1,24,1,hpc,jacobi,sliced,506,,,,27.119189172,1.916839957624585e-09,10.27173116999999,0.7007696999999827,0.9876918168049778,10.139428611636582,1.0,0.0,200.0,944.1584937368423,60.426143599157896,1.916839957624585e-09
78f8ec272f724e68a2dc634b07aeca7c,2025-12-03 18:46:03.280000+00:00,2025-12-03 18:46:05.050000+00:00,FINISHED,jacobi_N506_p24,comm_compact,/Shared/LSM-PoissonMPI-v3,200,3,comm_compact,numpy,0.8,1,0.0,1,24,1,hpc,jacobi,sliced,506,,,,27.744941552,1.916839957624585e-09,10.12896113000001,1.4983613650000083,0.9876918168049778,10.139428611636582,1.0,0.0,200.0,922.8641823595506,59.06330767101124,1.916839957624585e-09
b8d1585d465748388fcda4493f7c216d,2025-12-03 18:45:14.776000+00:00,2025-12-03 18:45:16.633000+00:00,FINISHED,jacobi_N254_p24,comm_compact,/Shared/LSM-PoissonMPI-v3,200,3,comm_compact,custom,0.8,1,0.0,1,24,1,hpc,jacobi,cubic,254,,,,3.422835814,2.088285628894616e-08,0.8165440829999988,0.15910766899999998,0.9518505573556877,9.895435757882455,1.0,0.0,200.0,935.0730721318788,59.84467661644024,2.088285628894616e-08
ba65478199df4eb3bb2b42e7b2a3b0cd,2025-12-03 18:44:53.916000+00:00,2025-12-03 18:44:55.623000+00:00,FINISHED,jacobi_N254_p24,comm_compact,/Shared/LSM-PoissonMPI-v3,200,3,comm_compact,numpy,0.8,1,0.0,1,24,1,hpc,jacobi,cubic,254,,,,3.483945999,2.088285628894616e-08,0.9403868979999983,0.19831670400000156,0.9518505573556877,9.895435757882455,1.0,0.0,200.0,918.6714148034073,58.79497054741806,2.088285628894616e-08
5b9d3a43f4204255843d5fb1fd5a55ae,2025-12-03 18:44:28.748000+00:00,2025-12-03 18:44:30.391000+00:00,FINISHED,jacobi_N254_p24,comm_compact,/Shared/LSM-PoissonMPI-v3,200,3,comm_compact,custom,0.8,1,0.0,1,24,1,hpc,jacobi,sliced,254,,,,3.804977488,2.088285628894616e-08,1.2263669040000011,0.11811073299999905,0.9518505573556877,9.571232181571503,1.0,0.0,200.0,841.1617703636726,53.83435330327505,2.088285628894616e-08
74b3dad5235e470c8dcd794ecd77aef7,2025-12-03 18:44:04.019000+00:00,2025-12-03 18:44:05.737000+00:00,FINISHED,jacobi_N254_p24,comm_compact,/Shared/LSM-PoissonMPI-v3,200,3,comm_compact,numpy,0.8,1,0.0,1,24,1,hpc,jacobi,sliced,254,,,,4.015527376,2.088285628894616e-08,1.2187872730000018,0.34914085799999783,0.9518505573556877,9.571232181571503,1.0,0.0,200.0,797.056351583942,51.01160650137229,2.088285628894616e-08
9ac0f6a81b9642de9bb636109b77f730,2025-12-03 18:43:40.516000+00:00,2025-12-03 18:43:42.228000+00:00,FINISHED,jacobi_N122_p24,comm_compact,/Shared/LSM-PoissonMPI-v3,200,3,comm_compact,custom,0.8,1,0.0,1,24,1,hpc,jacobi,cubic,122,,,,0.305663861,2.3697026230386924e-07,0.07581069399999991,0.06013680199999938,0.8058671764247533,8.313677251119676,1.0,0.0,200.0,1130.653780493861,72.36184195160709,2.3697026230386924e-07
82579d466fb14b8993980e63df17f0bb,2025-12-03 18:43:21.334000+00:00,2025-12-03 18:43:23.049000+00:00,FINISHED,jacobi_N122_p24,comm_compact,/Shared/LSM-PoissonMPI-v3,200,3,comm_compact,numpy,0.8,1,0.0,1,24,1,hpc,jacobi,cubic,122,,,,0.306841096,2.3697026230386924e-07,0.09494298500000002,0.06590121499999993,0.8058671764247533,8.313677251119676,1.0,0.0,200.0,1126.3158830588977,72.08421651576946,2.3697026230386924e-07
8dc8f67b377348d4968024d99d36edd0,2025-12-03 18:43:03.746000+00:00,2025-12-03 18:43:05.381000+00:00,FINISHED,jacobi_N122_p24,comm_compact,/Shared/LSM-PoissonMPI-v3,200,3,comm_compact,custom,0.8,1,0.0,1,24,1,hpc,jacobi,sliced,122,,,,0.290843459,2.3697026230386924e-07,0.11780510799999983,0.03794912900000017,0.8058671764247534,7.7124902502365735,1.0,0.0,200.0,1188.268084791276,76.04915742664166,2.3697026230386924e-07
cb7adfa0154e4342ae2a9dfc63df5a76,2025-12-03 18:42:44.110000+00:00,2025-12-03 18:42:45.998000+00:00,FINISHED,jacobi_N122_p24,comm_compact,/Shared/LSM-PoissonMPI-v3,200,3,comm_compact,numpy,0.8,1,0.0,1,24,1,hpc,jacobi,sliced,122,,,,0.302488546,2.3697026230386924e-07,0.12143998499999976,0.052780964999999826,0.8058671764247534,7.7124902502365735,1.0,0.0,200.0,1142.5225998474666,73.12144639023786,2.3697026230386924e-07
e3139f4eda9742dda3a1b971f907a961,2025-12-03 18:37:47.466000+00:00,2025-12-03 18:37:49.315000+00:00,FINISHED,jacobi_N122_p24,comm_compact,/Shared/LSM-PoissonMPI-v3,200,3,comm_compact,custom,0.8,1,0.0,1,24,1,hpc,jacobi,sliced,122,,,,4.697351254,2.3697026230386924e-07,0.4674671110000028,0.4091962069999991,0.8058671764247533,7.7124902502365735,1.0,0.0,200.0,73.57337812574832,4.708696200047892,2.3697026230386924e-07
f657faa6afc34fc48402aa175516db31,2025-12-03 18:37:37.466000+00:00,2025-12-03 18:37:39.317000+00:00,FINISHED,jacobi_N122_p24,comm_compact,/Shared/LSM-PoissonMPI-v3,200,3,comm_compact,custom,0.8,1,0.0,1,24,1,hpc,jacobi,sliced,122,,,,7.021840241,2.3697026230386924e-07,0.5054013820000022,0.7253477930000027,0.8058671764247533,7.7124902502365735,1.0,0.0,200.0,49.21786713147751,3.1499434964145605,2.3697026230386924e-07
226073fbbfed4779ac94a7c44a042df8,2025-12-03 18:37:36.301000+00:00,2025-12-03 18:37:38.030000+00:00,FINISHED,jacobi_N122_p24,comm_compact,/Shared/LSM-PoissonMPI-v3,200,3,comm_compact,custom,0.8,1,0.0,1,24,1,hpc,jacobi,sliced,122,,,,8.290479486,2.3697026230386924e-07,0.45334237800000193,0.6400420569999984,0.8058671764247533,7.7124902502365735,1.0,0.0,200.0,41.68637056319953,2.66792771604477,2.3697026230386924e-07
3b0b19e38e344c1799b2d4122cf6c65b,2025-12-03 18:37:28.933000+00:00,2025-12-03 18:37:30.716000+00:00,FINISHED,jacobi_N122_p24,comm_compact,/Shared/LSM-PoissonMPI-v3,200,3,comm_compact,custom,0.8,1,0.0,1,24,1,hpc,jacobi,sliced,122,,,,15.205940911,2.3697026230386924e-07,0.4473214889999978,0.8879939600000071,0.8058671764247533,7.7124902502365735,1.0,0.0,200.0,22.727958895986006,1.4545893693431045,2.3697026230386924e-07
5d323af4e5df48fd9b4f64c53de0cfa0,2025-12-03 18:37:22.900000+00:00,2025-12-03 18:37:24.697000+00:00,FINISHED,jacobi_N122_p24,comm_compact,/Shared/LSM-PoissonMPI-v3,200,3,comm_compact,custom,0.8,1,0.0,1,24,1,hpc,jacobi,sliced,122,,,,16.173987108,2.3697026230386924e-07,0.45550096399999224,1.8524376919999952,0.8058671764247533,7.7124902502365735,1.0,0.0,200.0,21.367644087527363,1.3675292216017514,2.3697026230386924e-07
05406b5318334d52949a6c9d90d77ab6,2025-12-03 18:37:14.926000+00:00,2025-12-03 18:37:16.763000+00:00,FINISHED,jacobi_N122_p24,comm_compact,/Shared/LSM-PoissonMPI-v3,200,3,comm_compact,custom,0.8,1,0.0,1,24,1,hpc,jacobi,sliced,122,,,,17.337136257,2.3697026230386924e-07,0.4351587759999983,3.0245521470000174,0.8058671764247533,7.7124902502365735,1.0,0.0,200.0,19.934088010669086,1.2757816326828215,2.3697026230386924e-07
ada6c86e83014a9394017f6412df43dd,2025-12-03 18:37:03.775000+00:00,2025-12-03 18:37:05.675000+00:00,FINISHED,jacobi_N122_p24,comm_compact,/Shared/LSM-PoissonMPI-v3,200,3,comm_compact,custom,0.8,1,0.0,1,24,1,hpc,jacobi,sliced,122,,,,14.354883215,2.3697026230386924e-07,0.42949603200000475,1.3916025379999977,0.8058671764247533,7.7124902502365735,1.0,0.0,200.0,24.07543097521466,1.5408275824137383,2.3697026230386924e-07
20b4bf7a1b8540be8cc7b3235db89ece,2025-12-03 18:34:20.693000+00:00,2025-12-03 18:34:22.494000+00:00,FINISHED,jacobi_N122_p24,comm_compact,/Shared/LSM-PoissonMPI-v3,200,3,comm_compact,numpy,0.8,1,0.0,1,24,1,hpc,jacobi,sliced,122,,,,28.970644066,2.3697026230386924e-07,0.06263352100001326,5.6450708060000405,0.8058671764247533,7.7124902502365735,1.0,0.0,200.0,11.929317111924231,0.7634762951631509,2.3697026230386924e-07
2db8ec813e2f4dfcb87fbfba660505e1,2025-12-03 18:34:20.641000+00:00,2025-12-03 18:34:22.489000+00:00,FINISHED,jacobi_N122_p24,comm_compact,/Shared/LSM-PoissonMPI-v3,200,3,comm_compact,numpy,0.8,1,0.0,1,24,1,hpc,jacobi,sliced,122,,,,29.148823825,2.3697026230386924e-07,0.12945326300001625,5.474565474000018,0.8058671764247533,7.7124902502365735,1.0,0.0,200.0,11.85639606163423,0.7588093479445907,2.3697026230386924e-07
97e128e0136544e29010512b00b1a2d6,2025-12-03 18:34:19.761000+00:00,2025-12-03 18:34:21.555000+00:00,FINISHED,jacobi_N122_p24,comm_compact,/Shared/LSM-PoissonMPI-v3,200,3,comm_compact,numpy,0.8,1,0.0,1,24,1,hpc,jacobi,sliced,122,,,,29.358343488,2.3697026230386924e-07,0.11932367600000399,5.569580822999993,0.8058671764247533,7.7124902502365735,1.0,0.0,200.0,11.771781338455332,0.7533940056611412,2.3697026230386924e-07
31e07ec0f6724a9db5cc7d961b747f8a,2025-12-03 18:34:19.318000+00:00,2025-12-03 18:34:21.105000+00:00,FINISHED,jacobi_N122_p24,comm_compact,/Shared/LSM-PoissonMPI-v3,200,3,comm_compact,numpy,0.8,1,0.0,1,24,1,hpc,jacobi,sliced,122,,,,28.940645763,2.3697026230386924e-07,0.097602163000025,5.582884516000005,0.8058671764247533,7.7124902502365735,1.0,0.0,200.0,11.941682394725353,0.7642676732624226,2.3697026230386924e-07
3670e57f359a41bd93cb56bebe95c5a4,2025-12-03 18:34:18.548000+00:00,2025-12-03 18:34:20.278000+00:00,FINISHED,jacobi_N122_p24,comm_compact,/Shared/LSM-PoissonMPI-v3,200,3,comm_compact,numpy,0.8,1,0.0,1,24,1,hpc,jacobi,sliced,122,,,,29.581010934,2.3697026230386924e-07,0.10708611699998674,5.337568973000019,0.8058671764247533,7.7124902502365735,1.0,0.0,200.0,11.683170692546286,0.7477229243229622,2.3697026230386924e-07
7d0611bddf444c4a83be27fdfaf72304,2025-12-03 18:34:18.343000+00:00,2025-12-03 18:34:20.135000+00:00,FINISHED,jacobi_N122_p24,comm_compact,/Shared/LSM-PoissonMPI-v3,200,3,comm_compact,numpy,0.8,1,0.0,1,24,1,hpc,jacobi,sliced,122,,,,29.272785953,2.3697026230386924e-07,0.07724255000001462,5.756762764999991,0.8058671764247533,7.7124902502365735,1.0,0.0,200.0,11.806187513374738,0.7555960008559832,2.3697026230386924e-07
4c0f3ec313d94f59b5dacdf87b53e317,2025-12-03 18:34:18.339000+00:00,2025-12-03 18:34:20.171000+00:00,FINISHED,jacobi_N122_p24,comm_compact,/Shared/LSM-PoissonMPI-v3,200,3,comm_compact,numpy,0.8,1,0.0,1,24,1,hpc,jacobi,sliced,122,,,,29.352062088,2.3697026230386924e-07,0.060187283999994644,5.59262737999998,0.8058671764247533,7.7124902502365735,1.0,0.0,200.0,11.77430052320895,0.7535552334853728,2.3697026230386924e-07
9035e1656dee4fb0833e2df6f13d5dc4,2025-12-03 18:34:14.311000+00:00,2025-12-03 18:34:16.130000+00:00,FINISHED,jacobi_N122_p24,comm_compact,/Shared/LSM-PoissonMPI-v3,200,3,comm_compact,numpy,0.8,1,0.0,1,24,1,hpc,jacobi,sliced,122,,,,29.771048319,2.3697026230386924e-07,0.06044413399999249,5.275058261000002,0.8058671764247533,7.7124902502365735,1.0,0.0,200.0,11.608593567040659,0.7429499882906021,2.3697026230386924e-07
a4b1cf4ec7944007b328ac393fd77ba3,2025-12-03 18:33:51.135000+00:00,2025-12-03 18:33:53.003000+00:00,FINISHED,jacobi_N122_p24,comm_compact,/Shared/LSM-PoissonMPI-v3,200,3,comm_compact,numpy,0.8,1,0.0,1,24,1,hpc,jacobi,sliced,122,,,,27.119771547,2.3697026230386924e-07,0.13880108800002458,4.690820682999998,0.8058671764247533,7.7124902502365735,1.0,0.0,200.0,12.74347018008824,0.8155820915256473,2.3697026230386924e-07
db6e3886acd14a779c3b328019df10e9,2025-12-03 17:32:47.973000+00:00,2025-12-03 17:32:50.339000+00:00,FINISHED,jacobi_N97_p4,communication,/Shared/LSM-PoissonMPI-v3,200,3,communication,custom,0.8,0,0.0,1,4,1,local,jacobi,cubic,97,,,,0.38041100000000005,4.7250674400115645e-07,0.2588010000000003,0.019941999999996574,0.7096296649712525,7.54736580520897,,0.0,200.0,450.7624648077999,28.848797747699194,4.7250674400115645e-07
2eb428a431e340968a245bf1425e5b47,2025-12-03 17:32:45.187000+00:00,2025-12-03 17:32:47.335000+00:00,FINISHED,jacobi_N97_p4,communication,/Shared/LSM-PoissonMPI-v3,200,3,communication,custom,0.8,0,0.0,1,4,1,local,jacobi,cubic,97,,,,0.39757700000000007,4.7250674400115645e-07,0.27135000000000065,0.021727000000000718,0.7096296649712525,7.54736580520897,,0.0,200.0,431.30010035791804,27.603206422906755,4.7250674400115645e-07
4d1495ff2752402faf12df04c62ad8e3,2025-12-03 17:32:43.998000+00:00,2025-12-03 17:32:46.115000+00:00,FINISHED,jacobi_N97_p4,communication,/Shared/LSM-PoissonMPI-v3,200,3,communication,custom,0.8,0,0.0,1,4,1,local,jacobi,cubic,97,,,,0.773949,4.7250674400115645e-07,0.39574599999999704,0.04322100000000084,0.7096296649712525,7.54736580520897,,0.0,200.0,221.55852646621418,14.179745693837708,4.7250674400115645e-07
8f4f00c3ad0b435283782ffb9b3b4a93,2025-12-03 17:32:42.458000+00:00,2025-12-03 17:32:44.718000+00:00,FINISHED,jacobi_N97_p4,communication,/Shared/LSM-PoissonMPI-v3,200,3,communication,numpy,0.8,0,0.0,1,4,1,local,jacobi,cubic,97,,,,1.21554,4.7250674400115645e-07,0.5172529999999964,0.17237900000000117,0.7096296649712525,7.54736580520897,,0.0,200.0,141.06898991394772,9.028415354492653,4.7250674400115645e-07
8bc2cb4b23ce41139fcfe370b0bcadf5,2025-12-03 17:32:41.566000+00:00,2025-12-03 17:32:43.664000+00:00,FINISHED,jacobi_N97_p4,communication,/Shared/LSM-PoissonMPI-v3,200,3,communication,custom,0.8,0,0.0,1,4,1,local,jacobi,cubic,97,,,,0.8822300000000001,4.7250674400115645e-07,0.45009500000000147,0.06598600000000032,0.7096296649712525,7.54736580520897,,0.0,200.0,194.36541491447807,12.439386554526596,4.7250674400115645e-07
0b68fb79d6174d9bb0a9d6655ad4d801,2025-12-03 17:32:38.861000+00:00,2025-12-03 17:32:41.050000+00:00,FINISHED,jacobi_N97_p4,communication,/Shared/LSM-PoissonMPI-v3,200,3,communication,numpy,0.8,0,0.0,1,4,1,local,jacobi,cubic,97,,,,0.8441790000000002,4.7250674400115645e-07,0.42270500000000055,0.0677140000000025,0.7096296649712525,7.54736580520897,,0.0,200.0,203.12635116485953,13.00008647455101,4.7250674400115645e-07
c2716ee96013441d99a6fc1b7dce2f6a,2025-12-03 17:32:37.275000+00:00,2025-12-03 17:32:39.469000+00:00,FINISHED,jacobi_N97_p4,communication,/Shared/LSM-PoissonMPI-v3,200,3,communication,numpy,0.8,0,0.0,1,4,1,local,jacobi,cubic,97,,,,0.6709710000000002,4.7250674400115645e-07,0.3446900000000004,0.048770000000002645,0.7096296649712525,7.54736580520897,,0.0,200.0,255.5624609707423,16.355997502127508,4.7250674400115645e-07
e405a00e72c84c309a6b1ea1ba5eb551,2025-12-03 17:32:35.315000+00:00,2025-12-03 17:32:37.614000+00:00,FINISHED,jacobi_N97_p4,communication,/Shared/LSM-PoissonMPI-v3,200,3,communication,custom,0.8,0,0.0,1,4,1,local,jacobi,sliced,97,,,,1.682807,4.7250674400115645e-07,0.668669000000002,0.21266300000000005,0.7096296649712526,7.4005544235808625,,0.0,200.0,101.89819747600289,6.521484638464186,4.7250674400115645e-07
d6eda7c3c9b143968194d33f39e050aa,2025-12-03 17:32:34.837000+00:00,2025-12-03 17:32:36.970000+00:00,FINISHED,jacobi_N97_p4,communication,/Shared/LSM-PoissonMPI-v3,200,3,communication,numpy,0.8,0,0.0,1,4,1,local,jacobi,cubic,97,,,,1.472003,4.7250674400115645e-07,0.48451700000000253,0.3561690000000004,0.7096296649712525,7.54736580520897,,0.0,200.0,116.49093106467853,7.455419588139426,4.7250674400115645e-07
3766be903068473181d780381511efb8,2025-12-03 17:32:31.719000+00:00,2025-12-03 17:32:34.406000+00:00,FINISHED,jacobi_N97_p4,communication,/Shared/LSM-PoissonMPI-v3,200,3,communication,custom,0.8,0,0.0,1,4,1,local,jacobi,sliced,97,,,,1.024359,4.7250674400115645e-07,0.49810599999999994,0.039559000000000344,0.7096296649712526,7.4005544235808625,,0.0,200.0,167.3973675244714,10.71343152156617,4.7250674400115645e-07
51e6e27a10034851b96d61bd377443d9,2025-12-03 17:32:30.091000+00:00,2025-12-03 17:32:32.498000+00:00,FINISHED,jacobi_N97_p4,communication,/Shared/LSM-PoissonMPI-v3,200,3,communication,custom,0.8,0,0.0,1,4,1,local,jacobi,sliced,97,,,,0.49589700000000003,4.7250674400115645e-07,0.3039020000000021,0.011934999999999585,0.7096296649712526,7.4005544235808625,,0.0,200.0,345.7875324916262,22.13040207946408,4.7250674400115645e-07
14d5807aa739405d9547882d4c8547a2,2025-12-03 17:32:27.569000+00:00,2025-12-03 17:32:29.829000+00:00,FINISHED,jacobi_N97_p4,communication,/Shared/LSM-PoissonMPI-v3,200,3,communication,numpy,0.8,0,0.0,1,4,1,local,jacobi,sliced,97,,,,1.0816,4.7250674400115645e-07,0.5280579999999995,0.061701000000002226,0.7096296649712526,7.4005544235808625,,0.0,200.0,158.53827662721895,10.146449704142011,4.7250674400115645e-07
b21b0fd2825344c79ddcb64dbcb4bbe9,2025-12-03 17:32:27.186000+00:00,2025-12-03 17:32:29.516000+00:00,FINISHED,jacobi_N97_p4,communication,/Shared/LSM-PoissonMPI-v3,200,3,communication,custom,0.8,0,0.0,1,4,1,local,jacobi,sliced,97,,,,0.835704,4.7250674400115645e-07,0.4655679999999969,0.020371000000002804,0.7096296649712526,7.4005544235808625,,0.0,200.0,205.1862860534352,13.131922307419853,4.7250674400115645e-07
356b5694e32242f0887dc4aeed64614f,2025-12-03 17:32:25.262000+00:00,2025-12-03 17:32:27.446000+00:00,FINISHED,jacobi_N97_p4,communication,/Shared/LSM-PoissonMPI-v3,200,3,communication,numpy,0.8,0,0.0,1,4,1,local,jacobi,sliced,97,,,,1.58717,4.7250674400115645e-07,0.5504019999999992,0.3130969999999995,0.7096296649712526,7.4005544235808625,,0.0,200.0,108.03820636730785,6.914445207507702,4.7250674400115645e-07
7430bfe15b1a4bffa01927a3779ff8f2,2025-12-03 17:32:23.725000+00:00,2025-12-03 17:32:25.838000+00:00,FINISHED,jacobi_N97_p4,communication,/Shared/LSM-PoissonMPI-v3,200,3,communication,numpy,0.8,0,0.0,1,4,1,local,jacobi,sliced,97,,,,1.0438619999999998,4.7250674400115645e-07,0.4339239999999982,0.0933879999999987,0.7096296649712526,7.4005544235808625,,0.0,200.0,164.26979811507653,10.513267079364898,4.7250674400115645e-07
e2aded1d85f8451a94e175fe09df9c9c,2025-12-03 17:32:19.793000+00:00,2025-12-03 17:32:21.900000+00:00,FINISHED,jacobi_N65_p4,communication,/Shared/LSM-PoissonMPI-v3,200,3,communication,custom,0.8,0,0.0,1,4,1,local,jacobi,cubic,65,,,,0.17487399999999997,1.294773286393559e-06,0.08433499999999938,0.015273999999999344,0.4616873868402097,4.953348980572712,,0.0,200.0,285.9739012088704,18.30232967736771,1.294773286393559e-06
18a0f8e118254d7dbe8353215f4b37d4,2025-12-03 17:32:19.505000+00:00,2025-12-03 17:32:21.770000+00:00,FINISHED,jacobi_N97_p4,communication,/Shared/LSM-PoissonMPI-v3,200,3,communication,numpy,0.8,0,0.0,1,4,1,local,jacobi,sliced,97,,,,0.3874460000000002,4.7250674400115645e-07,0.2586050000000024,0.016534999999999078,0.7096296649712526,7.4005544235808625,,0.0,200.0,442.5778043908052,28.324979481011535,4.7250674400115645e-07
6faea87dabaa4b8ea5794ff968d9be87,2025-12-03 17:32:17.900000+00:00,2025-12-03 17:32:20.160000+00:00,FINISHED,jacobi_N65_p4,communication,/Shared/LSM-PoissonMPI-v3,200,3,communication,custom,0.8,0,0.0,1,4,1,local,jacobi,cubic,65,,,,0.9818229999999999,1.294773286393559e-06,0.1336930000000025,0.4169079999999983,0.4616873868402097,4.953348980572712,,0.0,200.0,50.93525003997666,3.2598560025585064,1.294773286393559e-06
f6218d13bced4956bf9a49c5adac915a,2025-12-03 17:32:17.339000+00:00,2025-12-03 17:32:19.548000+00:00,FINISHED,jacobi_N65_p4,communication,/Shared/LSM-PoissonMPI-v3,200,3,communication,custom,0.8,0,0.0,1,4,1,local,jacobi,cubic,65,,,,0.6504630000000002,1.294773286393559e-06,0.1237009999999994,0.2758569999999987,0.4616873868402097,4.953348980572712,,0.0,200.0,76.88277427001994,4.920497553281276,1.294773286393559e-06
29b3c457020c471fa7c846071cddc8dc,2025-12-03 17:32:13.433000+00:00,2025-12-03 17:32:15.621000+00:00,FINISHED,jacobi_N65_p4,communication,/Shared/LSM-PoissonMPI-v3,200,3,communication,numpy,0.8,0,0.0,1,4,1,local,jacobi,cubic,65,,,,0.08113100000000006,1.294773286393559e-06,0.05576799999999982,0.006178000000000683,0.4616873868402097,4.953348980572712,,0.0,200.0,616.403101157387,39.449798474072765,1.294773286393559e-06
2a77a0adc0564da693f2a4d38ffc88ed,2025-12-03 17:32:12.874000+00:00,2025-12-03 17:32:15.070000+00:00,FINISHED,jacobi_N65_p4,communication,/Shared/LSM-PoissonMPI-v3,200,3,communication,custom,0.8,0,0.0,1,4,1,local,jacobi,cubic,65,,,,0.08133100000000004,1.294773286393559e-06,0.05616199999999738,0.006094000000000266,0.4616873868402097,4.953348980572712,,0.0,200.0,614.8873123409275,39.35278798981936,1.294773286393559e-06
bdd0334d3fe94f74ad8e0ef53c01d89e,2025-12-03 17:32:11.485000+00:00,2025-12-03 17:32:13.610000+00:00,FINISHED,jacobi_N65_p4,communication,/Shared/LSM-PoissonMPI-v3,200,3,communication,numpy,0.8,0,0.0,1,4,1,local,jacobi,cubic,65,,,,0.38918200000000014,1.294773286393559e-06,0.12535899999999978,0.07798700000000025,0.4616873868402097,4.953348980572712,,0.0,200.0,128.49874865744044,8.223919914076188,1.294773286393559e-06
08a310d915f54fd78fcdcb9b6e508c38,2025-12-03 17:32:10.483000+00:00,2025-12-03 17:32:13.331000+00:00,FINISHED,jacobi_N65_p4,communication,/Shared/LSM-PoissonMPI-v3,200,3,communication,numpy,0.8,0,0.0,1,4,1,local,jacobi,cubic,65,,,,0.24624099999999993,1.294773286393559e-06,0.0915250000000003,0.031942000000001025,0.4616873868402097,4.953348980572712,,0.0,200.0,203.0912804935003,12.99784195158402,1.294773286393559e-06
5ade6be6ca524e66a9ab7efeb1b1f0aa,2025-12-03 17:32:07.097000+00:00,2025-12-03 17:32:09.117000+00:00,FINISHED,jacobi_N65_p4,communication,/Shared/LSM-PoissonMPI-v3,200,3,communication,numpy,0.8,0,0.0,1,4,1,local,jacobi,cubic,65,,,,0.07618499999999995,1.294773286393559e-06,0.05441099999999932,0.005788999999999156,0.4616873868402097,4.953348980572712,,0.0,200.0,656.4205552274075,42.01091553455408,1.294773286393559e-06
5760ce2a364c4ca984dc80c6c740173d,2025-12-03 17:32:06.565000+00:00,2025-12-03 17:32:09.765000+00:00,FINISHED,jacobi_N65_p4,communication,/Shared/LSM-PoissonMPI-v3,200,3,communication,custom,0.8,0,0.0,1,4,1,local,jacobi,sliced,65,,,,0.06697600000000015,1.294773286393559e-06,0.04919200000000168,0.002971000000000723,0.4616873868402097,4.8080644571562665,,0.0,200.0,746.6764214046807,47.78729096989956,1.294773286393559e-06
fc5b7c35249f4dcf9275512da56f7898,2025-12-03 17:32:05.742000+00:00,2025-12-03 17:32:07.815000+00:00,FINISHED,jacobi_N65_p4,communication,/Shared/LSM-PoissonMPI-v3,200,3,communication,custom,0.8,0,0.0,1,4,1,local,jacobi,sliced,65,,,,0.24208799999999986,1.294773286393559e-06,0.062131000000001935,0.01939999999999764,0.4616873868402097,4.8080644571562665,,0.0,200.0,206.5752949340737,13.220818875780717,1.294773286393559e-06
e62a9f4198a44df28b46b530d04ab1e9,2025-12-03 17:32:04.861000+00:00,2025-12-03 17:32:07.203000+00:00,FINISHED,jacobi_N65_p4,communication,/Shared/LSM-PoissonMPI-v3,200,3,communication,custom,0.8,0,0.0,1,4,1,local,jacobi,sliced,65,,,,0.5746910000000001,1.294773286393559e-06,0.15195300000000178,0.11697599999999908,0.4616873868402097,4.8080644571562665,,0.0,200.0,87.01963315938477,5.569256522200625,1.294773286393559e-06
a2c620196da1488ca79e53e078fa8d63,2025-12-03 17:32:00.604000+00:00,2025-12-03 17:32:03.344000+00:00,FINISHED,jacobi_N65_p4,communication,/Shared/LSM-PoissonMPI-v3,200,3,communication,custom,0.8,0,0.0,1,4,1,local,jacobi,sliced,65,,,,0.07230999999999987,1.294773286393559e-06,0.04888600000000087,0.00331899999999985,0.4616873868402097,4.8080644571562665,,0.0,200.0,691.5972894482104,44.26222652468545,1.294773286393559e-06
178f78144e364c75b534c6f9da1bc976,2025-12-03 17:32:00.076000+00:00,2025-12-03 17:32:02.339000+00:00,FINISHED,jacobi_N65_p4,communication,/Shared/LSM-PoissonMPI-v3,200,3,communication,numpy,0.8,0,0.0,1,4,1,local,jacobi,sliced,65,,,,0.07057400000000014,1.294773286393559e-06,0.05034800000000006,0.00443400000000338,0.4616873868402097,4.8080644571562665,,0.0,200.0,708.6094028962494,45.35100178535996,1.294773286393559e-06
fcc3b6181d2944be94eccaa80844a206,2025-12-03 17:31:59.635000+00:00,2025-12-03 17:32:01.772000+00:00,FINISHED,jacobi_N65_p4,communication,/Shared/LSM-PoissonMPI-v3,200,3,communication,numpy,0.8,0,0.0,1,4,1,local,jacobi,sliced,65,,,,0.12693700000000008,1.294773286393559e-06,0.06503700000000112,0.008222999999999647,0.4616873868402097,4.8080644571562665,,0.0,200.0,393.9702372042822,25.21409518107406,1.294773286393559e-06
5093c1dc535d4fc5aecf72325fedb3ce,2025-12-03 17:31:58.937000+00:00,2025-12-03 17:32:01.056000+00:00,FINISHED,jacobi_N65_p4,communication,/Shared/LSM-PoissonMPI-v3,200,3,communication,numpy,0.8,0,0.0,1,4,1,local,jacobi,sliced,65,,,,0.5700669999999999,1.294773286393559e-06,0.11645799999999595,0.1620600000000021,0.4616873868402097,4.8080644571562665,,0.0,200.0,87.72547788242437,5.614430584475159,1.294773286393559e-06
80eff51df25943249e4b62c40eeb867a,2025-12-03 17:31:54.728000+00:00,2025-12-03 17:31:56.794000+00:00,FINISHED,jacobi_N65_p4,communication,/Shared/LSM-PoissonMPI-v3,200,3,communication,numpy,0.8,0,0.0,1,4,1,local,jacobi,sliced,65,,,,0.07064800000000004,1.294773286393559e-06,0.049910999999998706,0.0035459999999982728,0.4616873868402097,4.8080644571562665,,0.0,200.0,707.8671724606495,45.30349903748157,1.294773286393559e-06
f2f8a3d0793543d096e945b982683d56,2025-12-03 17:31:53.955000+00:00,2025-12-03 17:31:56.016000+00:00,FINISHED,jacobi_N33_p4,communication,/Shared/LSM-PoissonMPI-v3,200,3,communication,custom,0.8,0,0.0,1,4,1,local,jacobi,cubic,33,,,,0.0221039999999999,1.518443065411438e-06,0.011959000000000053,0.0031719999999981763,0.042055347892451266,0.4955546002644837,,0.0,200.0,269.55302207745325,17.251393412957007,1.518443065411438e-06
f8d594d8f433482fbc818df614d280e7,2025-12-03 17:31:53.451000+00:00,2025-12-03 17:31:55.504000+00:00,FINISHED,jacobi_N33_p4,communication,/Shared/LSM-PoissonMPI-v3,200,3,communication,custom,0.8,0,0.0,1,4,1,local,jacobi,cubic,33,,,,0.03362799999999999,1.518443065411438e-06,0.011978999999999296,0.0048200000000004906,0.042055347892451266,0.4955546002644837,,0.0,200.0,177.17973117640065,11.339502795289642,1.518443065411438e-06
3754d3821dc34364ba892f3ceca5c30a,2025-12-03 17:31:52.796000+00:00,2025-12-03 17:31:54.913000+00:00,FINISHED,jacobi_N33_p4,communication,/Shared/LSM-PoissonMPI-v3,200,3,communication,custom,0.8,0,0.0,1,4,1,local,jacobi,cubic,33,,,,0.06746300000000005,1.518443065411438e-06,0.016439999999999566,0.020556999999999492,0.042055347892451266,0.4955546002644837,,0.0,200.0,88.31804100025194,5.652354624016124,1.518443065411438e-06
057e6cf5398448ecadf14722cfd9f4aa,2025-12-03 17:31:48.765000+00:00,2025-12-03 17:31:50.985000+00:00,FINISHED,jacobi_N33_p4,communication,/Shared/LSM-PoissonMPI-v3,200,3,communication,custom,0.8,0,0.0,1,4,1,local,jacobi,cubic,33,,,,0.01684400000000008,1.518443065411438e-06,0.009844000000000186,0.0029020000000006263,0.042055347892451266,0.4955546002644837,,0.0,200.0,353.72833056281,22.638613156019836,1.518443065411438e-06
7803403c30bb42e8bca5dba07686efdb,2025-12-03 17:31:47.699000+00:00,2025-12-03 17:31:50.024000+00:00,FINISHED,jacobi_N33_p4,communication,/Shared/LSM-PoissonMPI-v3,200,3,communication,numpy,0.8,0,0.0,1,4,1,local,jacobi,cubic,33,,,,0.04437499999999983,1.518443065411438e-06,0.014271999999996954,0.008057000000002201,0.042055347892451266,0.4955546002644837,,0.0,200.0,134.26929577464838,8.593234929577498,1.518443065411438e-06
3d02fd96d2ac4e0b93eff149c0945bac,2025-12-03 17:31:47.221000+00:00,2025-12-03 17:31:49.475000+00:00,FINISHED,jacobi_N33_p4,communication,/Shared/LSM-PoissonMPI-v3,200,3,communication,numpy,0.8,0,0.0,1,4,1,local,jacobi,cubic,33,,,,0.06923100000000004,1.518443065411438e-06,0.02540699999999907,0.017630999999998842,0.042055347892451266,0.4955546002644837,,0.0,200.0,86.06260201354878,5.5080065288671225,1.518443065411438e-06
9bb46d5ebcbc4f86aa3e6133f915cb0b,2025-12-03 17:31:46.975000+00:00,2025-12-03 17:31:49.137000+00:00,FINISHED,jacobi_N33_p4,communication,/Shared/LSM-PoissonMPI-v3,200,3,communication,numpy,0.8,0,0.0,1,4,1,local,jacobi,cubic,33,,,,0.039935000000000054,1.518443065411438e-06,0.013316000000002326,0.006151999999999269,0.042055347892451266,0.4955546002644837,,0.0,200.0,149.19744584950524,9.548636534368336,1.518443065411438e-06
edff1b9d590e4a0ca25ad218f57de862,2025-12-03 17:31:43.003000+00:00,2025-12-03 17:31:45.468000+00:00,FINISHED,jacobi_N33_p4,communication,/Shared/LSM-PoissonMPI-v3,200,3,communication,numpy,0.8,0,0.0,1,4,1,local,jacobi,cubic,33,,,,0.015562999999999994,1.518443065411438e-06,0.00964099999999557,0.0022750000000029136,0.042055347892451266,0.4955546002644837,,0.0,200.0,382.8439246931827,24.50201118036369,1.518443065411438e-06
a4bf4cd684a94a199da72f80bbe80966,2025-12-03 17:31:41.353000+00:00,2025-12-03 17:31:43.722000+00:00,FINISHED,jacobi_N33_p4,communication,/Shared/LSM-PoissonMPI-v3,200,3,communication,custom,0.8,0,0.0,1,4,1,local,jacobi,sliced,33,,,,0.13808900000000013,1.518443065411438e-06,0.01710699999999865,0.04990099999999997,0.042055347892451266,0.46600166493148676,,0.0,200.0,43.14753528521457,2.7614422582537324,1.518443065411438e-06
b44e91fdc7a34cab967f5e960c159bb0,2025-12-03 17:31:41.134000+00:00,2025-12-03 17:31:43.369000+00:00,FINISHED,jacobi_N33_p4,communication,/Shared/LSM-PoissonMPI-v3,200,3,communication,custom,0.8,0,0.0,1,4,1,local,jacobi,sliced,33,,,,0.04427200000000009,1.518443065411438e-06,0.02157700000000018,0.005144999999999511,0.042055347892451266,0.46600166493148676,,0.0,200.0,134.58167690639655,8.61322732200938,1.518443065411438e-06
1c1696c1285148b683b5c63a9f8966f8,2025-12-03 17:31:40.914000+00:00,2025-12-03 17:31:43.211000+00:00,FINISHED,jacobi_N33_p4,communication,/Shared/LSM-PoissonMPI-v3,200,3,communication,custom,0.8,0,0.0,1,4,1,local,jacobi,sliced,33,,,,0.0346289999999998,1.518443065411438e-06,0.01659199999999994,0.003000000000002334,0.042055347892451266,0.46600166493148676,,0.0,200.0,172.05810159115293,11.011718501833787,1.518443065411438e-06
401113dcf07546bf8e8a3d5fc8b94a10,2025-12-03 17:31:37.712000+00:00,2025-12-03 17:31:39.758000+00:00,FINISHED,jacobi_N33_p4,communication,/Shared/LSM-PoissonMPI-v3,200,3,communication,custom,0.8,0,0.0,1,4,1,local,jacobi,sliced,33,,,,0.023287000000000058,1.518443065411438e-06,0.011253000000000624,0.00245499999999943,0.042055347892451266,0.46600166493148676,,0.0,200.0,255.85949242066326,16.375007514922448,1.518443065411438e-06
fc471f5a3e4e4674a47cc0233fa40130,2025-12-03 17:31:34.939000+00:00,2025-12-03 17:31:37.375000+00:00,FINISHED,jacobi_N33_p4,communication,/Shared/LSM-PoissonMPI-v3,200,3,communication,numpy,0.8,0,0.0,1,4,1,local,jacobi,sliced,33,,,,0.03941600000000012,1.518443065411438e-06,0.013227999999999795,0.0030260000000019716,0.042055347892451266,0.46600166493148676,,0.0,200.0,151.16196468439168,9.674365739801067,1.518443065411438e-06
ccaf5dec07ba40918f38445f8111b27d,2025-12-03 17:31:34.799000+00:00,2025-12-03 17:31:37.080000+00:00,FINISHED,jacobi_N33_p4,communication,/Shared/LSM-PoissonMPI-v3,200,3,communication,numpy,0.8,0,0.0,1,4,1,local,jacobi,sliced,33,,,,0.06303999999999998,1.518443065411438e-06,0.008554999999993207,0.01668200000000386,0.042055347892451266,0.46600166493148676,,0.0,200.0,94.51459390862946,6.048934010152285,1.518443065411438e-06
8a13d9c441f6439a9cb49e376dac3daf,2025-12-03 17:31:34.594000+00:00,2025-12-03 17:31:36.955000+00:00,FINISHED,jacobi_N33_p4,communication,/Shared/LSM-PoissonMPI-v3,200,3,communication,numpy,0.8,0,0.0,1,4,1,local,jacobi,sliced,33,,,,0.03199100000000055,1.518443065411438e-06,0.013345000000001939,0.004653000000007346,0.042055347892451266,0.46600166493148676,,0.0,200.0,186.24613172454434,11.919752430370838,1.518443065411438e-06
c09c41388987403ea0afb50ff92d16b3,2025-12-02 12:07:12.716000+00:00,2025-12-02 12:07:15.047000+00:00,FINISHED,Communication-Data-np4,Experiment-03-Communication,/Shared/LSM-PoissonMPI,,,,,,,,,,,,,,,4,"[32, 48, 64, 80, 100]",500,,,,,,,,,,,,
28936d1c369849d7bbee7bb5f3e8f05b,2025-12-02 11:49:30.535000+00:00,2025-12-02 11:49:32.931000+00:00,FINISHED,Communication-Data-np4,Experiment-03-Communication,/Shared/LSM-PoissonMPI,,,,,,,,,,,,,,,4,"[32, 48, 64, 80, 100]",500,,,,,,,,,,,,
dcd5fb5b5a60448d968c11f18b4cdfff,2025-12-02 11:48:22.227000+00:00,2025-12-02 11:48:24.936000+00:00,FINISHED,Communication-Data-np4,Experiment-03-Communication,/Shared/LSM-PoissonMPI,,,,,,,,,,,,,,,4,"[32, 48, 64, 80, 100]",500,,,,,,,,,,,,
881969c24cf142a9b950b234528c3a41,2025-12-02 09:46:01.548000+00:00,2025-12-02 09:46:04.125000+00:00,FINISHED,Communication-Data-np4,Experiment-03-Communication,/Shared/LSM-PoissonMPI,,,,,,,,,,,,,,,4,"[32, 48, 64, 80, 100]",500,,,,,,,,,,,,
b3f38b73db9b4c6a81e7aa9a7796012c,2025-12-01 23:04:31.393000+00:00,2025-12-01 23:04:33.702000+00:00,FINISHED,Communication-Data-np4,Experiment-03-Communication,/Shared/LSM-PoissonMPI,,,,,,,,,,,,,,,4,"[32, 48, 64, 80, 100]",500,,,,,,,,,,,,
7d09e7d7a409403a9df3f931a9abc8e4,2025-12-01 18:20:05.644000+00:00,2025-12-01 18:20:07.625000+00:00,FINISHED,Communication-Data-np4,Experiment-03-Communication,/Shared/LSM-PoissonMPI,,,,,,,,,,,,,,,4,"[32, 48, 64, 80, 100]",500,,,,,,,,,,,,
